customer_id,age,income,credit_score,employment_status,region,signup_date
CUST100000,37,35736.27,673,Self-employed,Southwest,2026-07-21
CUST100001,23,35074.56,727,Full-time,Southwest,2025-10-24
CUST100002,41,29334.01,549,Student,West,2025-11-26
CUST100003,43,48669.96,638,Full-time,Southeast,2024-09-05
CUST100004,18,44604.53,722,Full-time,Southwest,2025-07-05
CUST100005,20,19618.1,664,Unemployed,West,2026-05-03
CUST100006,35,19087.96,770,Full-time,Northeast,2025-02-24
CUST100007,30,48586.84,541,Full-time,Southwest,2026-03-28
CUST100008,33,27809.17,533,Unemployed,Northeast,2025-07-21
CUST100009,25,45978.01,717,Self-employed,Midwest,2024-04-02
CUST100010,42,57034.93,724,Full-time,West,2025-07-31
CUST100011,41,22653.54,645,Part-time,Midwest,2025-08-06
CUST100012,34,21264.8,690,Full-time,Midwest,2026-07-09
CUST100013,45,85262.86,715,Full-time,Southwest,2025-07-09
CUST100014,38,47014.29,598,Part-time,Midwest,2024-05-02
CUST100015,25,33234.43,606,Full-time,Southwest,2024-05-08
CUST100016,37,26363.26,674,Full-time,West,2024-04-27
CUST100017,24,31898.1,727,Full-time,Northeast,2025-10-03
CUST100018,42,23487.94,572,Unemployed,Midwest,2026-06-18
CUST100019,33,59726.76,645,Part-time,West,2026-01-19
CUST100020,32,28295.61,641,Full-time,Southeast,2026-02-11
CUST100021,27,65649.85,691,Student,Midwest,2026-06-07
CUST100022,46,33513.95,659,Self-employed,Southwest,2024-12-04
CUST100023,32,25096.72,619,Full-time,West,2025-05-16
CUST100024,29,33129.0,753,Student,Southeast,2024-11-24
CUST100025,30,15000.0,619,Full-time,West,2026-02-21
CUST100026,39,38011.88,638,Full-time,Southwest,2024-12-16
CUST100027,37,37177.03,540,Full-time,Northeast,2026-06-18
CUST100028,38,58170.54,606,Full-time,West,2024-11-24
CUST100029,38,17174.19,698,Part-time,Southeast,2024-09-05
CUST100030,55,67699.89,684,Part-time,Southeast,2026-01-05
CUST100031,29,58062.17,704,Unemployed,Midwest,2025-11-01
CUST100032,28,70503.64,701,Full-time,Midwest,2025-07-31
CUST100033,25,39193.86,816,Full-time,Midwest,2025-03-27
CUST100034,40,63338.81,603,Full-time,Northeast,2025-05-10
CUST100035,45,20701.06,538,Full-time,West,2026-05-14
CUST100036,32,55318.98,581,Student,Southeast,2025-09-18
CUST100037,25,28366.86,607,Self-employed,Northeast,2025-05-31
CUST100038,25,19089.03,586,Self-employed,Midwest,2025-02-26
CUST100039,40,24200.7,667,Self-employed,Southwest,2025-02-10
CUST100040,41,40234.86,753,Full-time,Northeast,2025-01-11
CUST100041,39,27696.61,775,Full-time,West,2025-07-18
CUST100042,27,47535.55,697,Full-time,Southwest,2025-06-02
CUST100043,36,17788.24,820,Self-employed,West,2025-10-24
CUST100044,35,15410.53,633,Full-time,Southwest,2025-12-20
CUST100045,36,74427.02,537,Full-time,Northeast,2025-11-16
CUST100046,42,60277.25,738,Part-time,Southeast,2025-07-28
CUST100047,36,25029.65,522,Full-time,West,2026-05-10
CUST100048,40,40080.7,603,Full-time,Midwest,2026-02-04
CUST100049,34,63498.92,699,Full-time,Northeast,2026-05-05
CUST100050,36,48467.09,652,Full-time,Northeast,2025-08-23
CUST100051,40,42903.14,645,Full-time,Midwest,2025-06-08
CUST100052,19,65697.71,571,Unemployed,Midwest,2026-03-25
CUST100053,30,28887.94,659,Self-employed,Southeast,2026-04-15
CUST100054,29,40701.91,735,Full-time,Northeast,2025-05-13
CUST100055,27,39813.77,661,Self-employed,Southwest,2026-01-31
CUST100056,31,35498.9,597,Self-employed,Midwest,2024-07-19
CUST100057,48,33677.58,566,Part-time,Northeast,2026-03-23
CUST100058,25,41472.7,599,Student,Northeast,2025-06-20
CUST100059,43,40761.1,689,Self-employed,Southeast,2024-09-14
CUST100060,18,25039.44,685,Full-time,Midwest,2026-05-15
CUST100061,30,57572.95,599,Full-time,Southeast,2025-07-18
CUST100062,35,25864.5,494,Full-time,Northeast,2025-06-29
CUST100063,39,36380.75,691,Full-time,West,2025-04-20
CUST100064,41,35141.0,592,Student,Southwest,2024-07-04
CUST100065,41,47152.7,711,Part-time,Midwest,2025-03-24
CUST100066,30,15466.06,603,Full-time,Southeast,2025-09-19
CUST100067,29,59928.62,585,Student,Southwest,2025-09-03
CUST100068,42,29594.81,671,Self-employed,West,2025-02-17
CUST100069,32,69493.15,836,Full-time,Southwest,2025-11-27
CUST100070,21,32364.77,716,Unemployed,Southeast,2024-12-26
CUST100071,22,39262.31,670,Full-time,Southeast,2025-09-15
CUST100072,24,94959.31,686,Full-time,West,2026-06-22
CUST100073,38,35425.88,528,Full-time,Northeast,2025-05-05
CUST100074,35,70086.29,575,Student,Southeast,2026-01-07
CUST100075,40,40846.25,471,Full-time,Northeast,2025-10-06
CUST100076,29,48384.68,789,Full-time,Southwest,2025-11-05
CUST100077,35,41418.44,774,Part-time,Midwest,2026-04-17
CUST100078,40,58778.61,689,Unemployed,Northeast,2025-12-05
CUST100079,30,29481.28,670,Full-time,West,2024-06-10
CUST100080,38,25775.46,543,Full-time,Midwest,2025-11-08
CUST100081,27,30110.85,643,Student,Southeast,2024-11-14
CUST100082,30,41976.69,794,Self-employed,West,2025-08-23
CUST100083,30,36338.44,669,Full-time,Southwest,2026-06-17
CUST100084,22,55250.0,617,Full-time,Northeast,2024-08-15
CUST100085,38,72195.23,528,Full-time,West,2024-06-17
CUST100086,29,25870.87,763,Part-time,Northeast,2026-01-21
CUST100087,34,28845.9,654,Part-time,West,2026-03-18
CUST100088,38,21029.73,528,Self-employed,Southeast,2024-05-26
CUST100089,38,100074.27,590,Full-time,Southeast,2026-05-20
CUST100090,40,46032.42,564,Self-employed,Northeast,2024-07-01
CUST100091,33,49807.01,650,Full-time,West,2026-03-16
CUST100092,29,21958.43,675,Unemployed,Midwest,2024-07-20
CUST100093,33,40113.71,622,Full-time,Southwest,2024-05-24
CUST100094,18,50471.37,718,Full-time,West,2026-01-17
CUST100095,19,35819.91,665,Full-time,Midwest,2026-02-02
CUST100096,20,65125.24,739,Full-time,Southeast,2026-05-13
CUST100097,24,113586.96,633,Full-time,Southwest,2024-09-28
CUST100098,37,26208.05,850,Part-time,Midwest,2025-10-14
CUST100099,24,25338.01,617,Unemployed,Southeast,2025-01-31
CUST100100,30,27038.3,592,Full-time,West,2025-02-25
CUST100101,46,82684.68,583,Full-time,West,2025-05-20
CUST100102,30,64155.17,644,Full-time,Southeast,2026-01-14
CUST100103,41,37760.26,531,Self-employed,Southwest,2025-09-29
CUST100104,24,40800.59,682,Full-time,West,2025-06-04
CUST100105,31,27793.44,517,Full-time,Southwest,2026-05-25
CUST100106,24,59904.82,672,Full-time,Northeast,2025-08-27
CUST100107,30,33828.0,558,Full-time,West,2024-12-03
CUST100108,42,35702.13,631,Part-time,Northeast,2025-08-12
CUST100109,18,52783.58,705,Full-time,Southwest,2025-09-04
CUST100110,38,36879.17,832,Full-time,Midwest,2024-08-12
CUST100111,36,36107.84,579,Self-employed,Northeast,2025-05-05
CUST100112,28,40326.29,648,Full-time,Southwest,2024-11-10
CUST100113,19,57406.33,605,Part-time,Southeast,2026-06-29
CUST100114,34,84197.62,594,Full-time,West,2024-05-28
CUST100115,28,52232.95,606,Unemployed,West,2024-10-07
CUST100116,36,57612.3,721,Self-employed,Midwest,2024-08-24
CUST100117,34,36682.89,623,Full-time,Southwest,2024-12-19
CUST100118,50,29187.36,828,Unemployed,Northeast,2025-05-02
CUST100119,31,53868.1,691,Full-time,West,2025-05-10
CUST100120,23,43349.84,584,Full-time,Southwest,2025-02-16
CUST100121,35,21158.93,632,Part-time,Southeast,2025-06-08
CUST100122,36,34626.3,599,Self-employed,Northeast,2024-11-17
CUST100123,47,38665.24,720,Full-time,Midwest,2025-10-24
CUST100124,42,31897.85,537,Full-time,West,2024-10-13
CUST100125,37,78180.93,559,Full-time,West,2025-10-20
CUST100126,48,49807.83,615,Part-time,Northeast,2025-06-26
CUST100127,22,74453.4,711,Student,Southwest,2026-06-15
CUST100128,27,45185.95,752,Full-time,Northeast,2024-06-21
CUST100129,24,41632.01,763,Student,Southeast,2024-12-24
CUST100130,30,26331.76,699,Full-time,Midwest,2026-01-08
CUST100131,20,40350.87,653,Self-employed,Northeast,2026-07-05
CUST100132,40,40371.29,719,Student,Northeast,2024-08-02
CUST100133,31,21694.17,574,Part-time,West,2026-08-12
CUST100134,19,31483.3,521,Full-time,Southwest,2025-06-20
CUST100135,23,34700.97,692,Full-time,Southwest,2026-07-18
CUST100136,37,48342.47,584,Full-time,Midwest,2024-12-18
CUST100137,42,49395.15,655,Part-time,Midwest,2026-02-18
CUST100138,53,30896.76,668,Student,Northeast,2025-08-07
CUST100139,63,49562.58,678,Full-time,Midwest,2025-04-04
CUST100140,38,36977.48,730,Full-time,Southwest,2025-09-25
CUST100141,24,15000.0,722,Full-time,Southeast,2024-12-29
CUST100142,18,32269.7,674,Part-time,Midwest,2025-05-28
CUST100143,36,65221.53,626,Part-time,Midwest,2025-08-12
CUST100144,25,18829.64,668,Full-time,West,2025-11-06
CUST100145,29,42222.61,615,Self-employed,Northeast,2025-08-23
CUST100146,27,81909.28,645,Full-time,Northeast,2025-11-07
CUST100147,32,28501.85,850,Part-time,Southeast,2025-03-30
CUST100148,44,40173.67,673,Full-time,Northeast,2024-10-17
CUST100149,35,22318.98,693,Full-time,West,2025-03-12
CUST100150,32,83470.96,607,Part-time,Southeast,2026-07-17
CUST100151,23,38657.66,736,Part-time,Southeast,2024-08-08
CUST100152,18,40985.85,717,Full-time,Southeast,2024-09-29
CUST100153,29,73823.71,717,Self-employed,West,2024-08-31
CUST100154,33,54050.02,676,Full-time,Southwest,2026-07-01
CUST100155,51,27064.2,737,Full-time,Midwest,2024-08-27
CUST100156,35,29993.17,755,Student,Southwest,2025-07-03
CUST100157,43,50147.26,681,Student,Northeast,2024-08-09
CUST100158,29,30307.35,651,Full-time,Southwest,2024-10-03
CUST100159,22,15479.01,727,Student,Southeast,2024-07-09
CUST100160,24,39184.7,592,Self-employed,Southeast,2026-04-29
CUST100161,26,20617.68,606,Full-time,Northeast,2025-04-17
CUST100162,55,83060.69,656,Full-time,Northeast,2024-11-18
CUST100163,25,43458.18,529,Full-time,Southwest,2025-03-14
CUST100164,42,26706.74,722,Part-time,West,2024-09-06
CUST100165,24,29307.99,587,Student,West,2024-11-19
CUST100166,43,17150.3,624,Full-time,Southeast,2026-07-13
CUST100167,37,24470.95,644,Full-time,Southwest,2026-02-21
CUST100168,32,63408.01,662,Full-time,Northeast,2025-02-08
CUST100169,33,109568.34,634,Full-time,Southwest,2025-10-04
CUST100170,27,55652.29,654,Self-employed,Midwest,2025-10-07
CUST100171,38,38506.44,655,Full-time,West,2024-06-10
CUST100172,29,33044.76,626,Part-time,Northeast,2026-05-28
CUST100173,21,26097.03,602,Full-time,Southwest,2025-05-16
CUST100174,21,101406.72,741,Self-employed,Midwest,2025-11-15
CUST100175,35,36866.67,502,Self-employed,Midwest,2026-06-29
CUST100176,49,103988.27,644,Part-time,Midwest,2025-09-21
CUST100177,35,75138.16,624,Full-time,Southwest,2025-08-26
CUST100178,32,18336.37,691,Part-time,Midwest,2025-07-14
CUST100179,36,29742.18,550,Part-time,Midwest,2026-03-27
CUST100180,47,29700.81,622,Part-time,Midwest,2024-11-18
CUST100181,36,38718.36,652,Part-time,Northeast,2025-10-08
CUST100182,29,39060.17,740,Unemployed,Southwest,2025-04-02
CUST100183,45,154555.35,684,Full-time,Southwest,2025-04-26
CUST100184,38,24717.02,571,Full-time,Midwest,2025-04-09
CUST100185,49,44490.75,623,Student,Southwest,2025-05-31
CUST100186,35,52967.22,726,Full-time,Southeast,2025-11-24
CUST100187,21,40106.46,569,Unemployed,Southeast,2025-06-13
CUST100188,20,42174.93,654,Part-time,West,2025-05-09
CUST100189,50,25080.25,659,Unemployed,West,2026-07-29
CUST100190,51,42104.87,631,Part-time,West,2024-11-22
CUST100191,32,50520.25,850,Self-employed,Northeast,2025-07-22
CUST100192,30,46509.89,629,Self-employed,Midwest,2025-12-02
CUST100193,48,51874.9,693,Full-time,Southwest,2026-07-19
CUST100194,22,75786.36,602,Full-time,Northeast,2025-11-21
CUST100195,25,61183.63,699,Full-time,West,2025-08-26
CUST100196,40,41443.34,725,Full-time,Southwest,2024-08-16
CUST100197,30,23687.64,615,Student,Southeast,2025-01-28
CUST100198,33,30638.04,655,Full-time,Midwest,2025-08-15
CUST100199,32,36357.87,592,Self-employed,West,2026-04-26
CUST100200,37,44961.22,574,Full-time,West,2025-12-17
CUST100201,48,32362.33,737,Full-time,West,2024-06-07
CUST100202,34,26342.0,618,Student,West,2026-04-24
CUST100203,40,23513.04,478,Full-time,Southwest,2025-02-11
CUST100204,18,19090.96,792,Part-time,West,2025-05-21
CUST100205,33,36108.09,599,Full-time,West,2026-02-05
CUST100206,25,20715.77,641,Full-time,Northeast,2024-07-15
CUST100207,21,25585.05,783,Full-time,Southwest,2025-09-05
CUST100208,25,33615.55,649,Part-time,Southeast,2025-01-15
CUST100209,30,22000.87,647,Full-time,Midwest,2026-05-21
CUST100210,43,47614.3,567,Self-employed,Northeast,2024-04-25
CUST100211,20,55999.63,537,Part-time,Southwest,2026-07-25
CUST100212,34,31343.36,647,Full-time,West,2025-11-16
CUST100213,29,32969.48,687,Full-time,Midwest,2024-06-08
CUST100214,30,51115.52,682,Full-time,Southwest,2025-02-05
CUST100215,44,29106.08,623,Self-employed,Southeast,2025-01-03
CUST100216,39,28219.53,661,Full-time,Southwest,2025-11-13
CUST100217,47,68763.22,522,Full-time,Northeast,2024-10-04
CUST100218,32,59747.61,694,Full-time,West,2024-05-25
CUST100219,27,52611.89,672,Full-time,Southeast,2025-02-18
CUST100220,31,60872.7,808,Part-time,Midwest,2026-02-05
CUST100221,36,16485.3,660,Full-time,West,2024-06-16
CUST100222,35,73808.26,589,Full-time,Northeast,2026-08-10
CUST100223,23,47878.79,656,Full-time,West,2024-06-25
CUST100224,34,63250.08,635,Part-time,Southwest,2026-08-05
CUST100225,36,47773.33,692,Part-time,West,2026-06-24
CUST100226,59,41028.25,662,Full-time,Midwest,2026-07-08
CUST100227,52,35458.24,565,Full-time,Southeast,2026-03-02
CUST100228,25,47344.93,537,Part-time,Midwest,2024-11-19
CUST100229,31,34881.55,679,Full-time,Midwest,2025-09-03
CUST100230,19,59310.65,763,Part-time,West,2026-06-06
CUST100231,28,19655.15,665,Full-time,Midwest,2025-10-21
CUST100232,37,31454.3,720,Full-time,Midwest,2024-03-29
CUST100233,46,100727.13,735,Full-time,Northeast,2025-05-13
CUST100234,26,30280.64,680,Full-time,Southeast,2024-11-17
CUST100235,27,36047.48,598,Part-time,Midwest,2025-12-25
CUST100236,18,26979.66,674,Full-time,Southeast,2025-05-17
CUST100237,32,46682.78,750,Full-time,Southeast,2024-09-19
CUST100238,23,28815.85,699,Full-time,Northeast,2025-01-04
CUST100239,28,36918.76,716,Full-time,West,2026-08-07
CUST100240,25,58805.46,625,Part-time,West,2025-03-03
CUST100241,33,29306.26,644,Self-employed,Southeast,2024-09-24
CUST100242,18,57232.37,651,Student,Northeast,2026-04-18
CUST100243,19,58104.78,656,Full-time,West,2025-09-05
CUST100244,55,64519.98,747,Full-time,West,2025-01-29
CUST100245,21,42755.09,483,Full-time,West,2026-08-09
CUST100246,23,172571.44,662,Unemployed,Midwest,2024-12-03
CUST100247,52,64507.72,654,Full-time,Southwest,2024-08-07
CUST100248,63,46452.94,557,Full-time,Southwest,2025-05-13
CUST100249,22,27060.6,710,Self-employed,Southeast,2025-07-21
CUST100250,30,38419.61,605,Full-time,Midwest,2026-05-26
CUST100251,37,76255.68,633,Full-time,Southeast,2024-11-21
CUST100252,51,86620.4,798,Full-time,Southwest,2024-05-15
CUST100253,24,78061.18,735,Part-time,West,2024-07-10
CUST100254,31,57144.39,703,Self-employed,Northeast,2025-04-22
CUST100255,41,22809.97,688,Full-time,Northeast,2026-07-15
CUST100256,38,49972.23,647,Part-time,Southeast,2025-12-08
CUST100257,30,22956.79,809,Full-time,Northeast,2025-12-28
CUST100258,32,20550.45,720,Full-time,Northeast,2026-08-07
CUST100259,20,44695.2,603,Unemployed,West,2026-05-02
CUST100260,31,50789.24,554,Self-employed,Midwest,2025-03-31
CUST100261,31,60265.78,702,Student,Southwest,2026-05-20
CUST100262,36,50197.04,655,Self-employed,Midwest,2026-07-11
CUST100263,28,50981.28,552,Full-time,Southwest,2024-05-13
CUST100264,38,25768.45,692,Full-time,Southwest,2025-03-05
CUST100265,44,38282.97,639,Full-time,Northeast,2024-09-12
CUST100266,35,20369.57,699,Full-time,Northeast,2026-01-09
CUST100267,37,16292.89,693,Full-time,Midwest,2025-09-30
CUST100268,34,56010.21,614,Full-time,Southeast,2025-02-28
CUST100269,34,28598.06,707,Full-time,West,2024-12-24
CUST100270,26,59434.15,622,Self-employed,Southeast,2025-09-27
CUST100271,37,66088.92,627,Full-time,Southeast,2024-06-05
CUST100272,33,30372.94,620,Full-time,Midwest,2024-12-10
CUST100273,54,52346.48,744,Self-employed,Northeast,2026-02-02
CUST100274,49,29806.43,638,Part-time,West,2026-05-20
CUST100275,37,17489.47,762,Full-time,Northeast,2026-08-01
CUST100276,26,42424.84,793,Part-time,West,2024-08-09
CUST100277,22,32471.13,604,Self-employed,Southwest,2024-08-27
CUST100278,45,32924.09,440,Unemployed,West,2025-06-23
CUST100279,36,97626.51,738,Full-time,Southeast,2024-11-23
CUST100280,38,20198.51,634,Full-time,West,2024-07-06
CUST100281,18,47681.18,595,Part-time,West,2026-03-27
CUST100282,43,25650.97,615,Full-time,Midwest,2024-04-12
CUST100283,38,60398.38,628,Self-employed,Southeast,2025-06-14
CUST100284,22,45903.38,757,Part-time,Northeast,2025-07-28
CUST100285,29,47605.57,671,Self-employed,Northeast,2026-03-27
CUST100286,36,26233.69,756,Student,Midwest,2025-01-05
CUST100287,34,28438.11,697,Part-time,West,2025-03-07
CUST100288,31,60916.71,636,Unemployed,Midwest,2026-07-18
CUST100289,32,89041.6,630,Part-time,West,2025-01-27
CUST100290,31,49818.34,702,Full-time,Southwest,2026-04-12
CUST100291,35,26800.09,721,Self-employed,Southwest,2025-12-16
CUST100292,48,46747.79,734,Part-time,Southwest,2025-02-27
CUST100293,18,119654.35,640,Student,West,2024-10-03
CUST100294,31,42027.95,673,Full-time,West,2026-04-19
CUST100295,35,77484.13,703,Full-time,Northeast,2025-06-27
CUST100296,36,28763.19,631,Self-employed,Midwest,2025-12-08
CUST100297,30,39381.89,574,Full-time,Midwest,2024-12-07
CUST100298,18,53040.14,599,Part-time,West,2024-08-23
CUST100299,37,47992.39,641,Full-time,Southeast,2025-02-03
CUST100300,51,28427.86,709,Full-time,West,2024-09-21
CUST100301,18,27881.46,754,Full-time,Midwest,2025-07-17
CUST100302,42,62612.99,558,Self-employed,West,2025-03-11
CUST100303,30,68610.29,615,Full-time,Southwest,2025-12-02
CUST100304,33,79258.08,633,Self-employed,Southeast,2024-04-06
CUST100305,23,90379.14,719,Self-employed,West,2026-02-17
CUST100306,30,42641.31,620,Part-time,Northeast,2024-06-03
CUST100307,47,34890.17,627,Full-time,Northeast,2024-11-03
CUST100308,39,73713.85,554,Full-time,Midwest,2024-04-07
CUST100309,51,55319.52,696,Self-employed,Southeast,2025-02-01
CUST100310,45,25793.95,647,Full-time,Northeast,2025-10-11
CUST100311,38,25206.67,610,Full-time,West,2025-12-12
CUST100312,51,50079.58,640,Student,Northeast,2026-03-10
CUST100313,38,37057.51,744,Full-time,Midwest,2024-04-24
CUST100314,42,39660.32,584,Full-time,Southeast,2026-05-13
CUST100315,31,65032.34,596,Student,Southeast,2024-09-08
CUST100316,34,56475.76,753,Full-time,Southeast,2024-12-14
CUST100317,27,73016.66,665,Full-time,Southeast,2026-04-25
CUST100318,43,16828.16,710,Full-time,Southwest,2024-06-08
CUST100319,22,44982.51,690,Self-employed,Southeast,2026-03-25
CUST100320,41,54863.84,657,Unemployed,Southwest,2026-03-27
CUST100321,32,20191.89,633,Self-employed,Midwest,2025-04-27
CUST100322,45,29890.53,722,Student,Southwest,2026-05-16
CUST100323,41,27495.61,747,Full-time,Midwest,2026-05-16
CUST100324,52,40528.64,741,Part-time,Southeast,2025-02-16
CUST100325,41,83494.35,571,Full-time,Midwest,2024-04-27
CUST100326,18,99724.36,757,Unemployed,Southwest,2026-06-28
CUST100327,33,27821.67,633,Student,Midwest,2025-02-04
CUST100328,22,50866.04,603,Full-time,West,2025-03-08
CUST100329,28,51609.4,647,Self-employed,Midwest,2026-06-17
CUST100330,49,47783.31,722,Part-time,Southeast,2026-04-05
CUST100331,40,48028.07,700,Full-time,Northeast,2025-07-24
CUST100332,27,46013.22,640,Part-time,Southeast,2024-12-18
CUST100333,23,85768.45,722,Student,Northeast,2026-02-01
CUST100334,34,65914.25,670,Full-time,Northeast,2025-08-01
CUST100335,21,24907.66,617,Full-time,Southeast,2025-06-13
CUST100336,27,57415.78,606,Student,Southeast,2024-12-02
CUST100337,37,59968.1,690,Full-time,West,2026-01-11
CUST100338,45,46246.23,653,Full-time,Southwest,2024-12-22
CUST100339,40,66778.8,556,Self-employed,Southwest,2024-08-20
CUST100340,18,43679.46,723,Part-time,Midwest,2025-03-25
CUST100341,37,43923.75,623,Full-time,Northeast,2024-11-24
CUST100342,34,42385.36,779,Full-time,West,2026-03-21
CUST100343,38,16184.19,554,Self-employed,Midwest,2024-06-16
CUST100344,50,38708.74,646,Full-time,Midwest,2025-11-24
CUST100345,18,29711.43,607,Part-time,Southwest,2026-02-22
CUST100346,28,23531.57,586,Unemployed,Northeast,2025-04-23
CUST100347,39,76520.06,623,Full-time,Midwest,2025-09-12
CUST100348,18,50357.02,792,Unemployed,Southwest,2025-07-08
CUST100349,48,39599.67,670,Self-employed,Southwest,2024-09-12
CUST100350,37,31127.24,600,Student,Midwest,2025-05-04
CUST100351,42,45856.69,522,Full-time,West,2025-09-22
CUST100352,28,62701.85,530,Full-time,West,2024-09-16
CUST100353,42,27663.4,619,Part-time,Northeast,2025-09-18
CUST100354,44,40047.73,612,Student,Northeast,2024-05-02
CUST100355,36,59315.74,643,Student,Midwest,2024-04-08
CUST100356,36,16794.38,489,Full-time,West,2025-07-01
CUST100357,36,39108.44,653,Full-time,Midwest,2024-10-12
CUST100358,25,33084.46,737,Full-time,Southeast,2024-12-05
CUST100359,32,37789.12,781,Part-time,Midwest,2024-07-26
CUST100360,32,32024.84,517,Self-employed,West,2025-07-08
CUST100361,37,42699.01,599,Self-employed,Northeast,2025-08-24
CUST100362,43,95380.77,595,Full-time,Midwest,2025-12-16
CUST100363,23,34690.98,670,Student,Southwest,2025-03-22
CUST100364,32,45764.77,568,Full-time,Southeast,2025-02-24
CUST100365,48,98482.67,786,Full-time,Northeast,2025-07-18
CUST100366,26,31335.06,663,Part-time,Southwest,2025-11-16
CUST100367,25,90817.19,650,Full-time,Southwest,2025-07-18
CUST100368,36,40231.09,779,Self-employed,Southwest,2025-06-03
CUST100369,42,89487.42,658,Part-time,Southwest,2026-04-24
CUST100370,34,56251.64,690,Full-time,Southwest,2025-01-16
CUST100371,47,46082.97,603,Full-time,Southeast,2024-08-11
CUST100372,42,38966.84,557,Full-time,Northeast,2025-11-06
CUST100373,42,30308.44,614,Part-time,West,2025-09-08
CUST100374,39,41527.29,824,Full-time,Southeast,2026-05-25
CUST100375,57,60102.86,707,Full-time,West,2025-03-25
CUST100376,31,39898.73,680,Full-time,Midwest,2025-08-06
CUST100377,18,34805.12,586,Self-employed,Midwest,2024-07-29
CUST100378,50,35851.76,728,Full-time,Northeast,2024-06-15
CUST100379,29,62731.22,558,Full-time,West,2024-10-10
CUST100380,35,69655.9,542,Full-time,Midwest,2026-02-12
CUST100381,47,29726.15,618,Full-time,West,2026-02-22
CUST100382,18,29706.93,806,Full-time,Southwest,2025-06-17
CUST100383,21,47605.88,802,Full-time,Northeast,2025-02-21
CUST100384,18,79808.83,626,Self-employed,West,2026-07-17
CUST100385,26,67217.95,609,Full-time,Midwest,2025-06-08
CUST100386,38,22849.09,536,Full-time,Northeast,2026-05-30
CUST100387,39,35637.93,665,Student,Midwest,2025-12-30
CUST100388,36,26402.88,672,Full-time,Southwest,2025-10-05
CUST100389,19,35582.86,719,Full-time,Southwest,2026-07-09
CUST100390,18,82618.14,728,Full-time,Southeast,2025-12-28
CUST100391,34,21159.19,645,Full-time,West,2025-02-12
CUST100392,29,19370.58,701,Full-time,Southeast,2024-03-28
CUST100393,38,27643.63,607,Unemployed,Midwest,2024-10-04
CUST100394,41,45674.24,700,Full-time,West,2025-11-20
CUST100395,35,53068.55,621,Self-employed,Northeast,2024-05-16
CUST100396,41,48866.72,694,Student,Midwest,2025-07-27
CUST100397,36,68122.2,688,Full-time,Midwest,2025-10-09
CUST100398,39,18153.37,665,Part-time,Southwest,2024-08-06
CUST100399,26,68511.13,719,Full-time,Southwest,2025-08-31
CUST100400,32,34876.1,542,Full-time,Southwest,2024-11-09
CUST100401,35,55780.1,580,Self-employed,Southeast,2026-03-25
CUST100402,42,22124.89,639,Full-time,Midwest,2025-10-28
CUST100403,30,40224.46,551,Student,Northeast,2024-04-09
CUST100404,39,44637.15,629,Part-time,West,2026-01-13
CUST100405,31,67513.84,631,Full-time,Southeast,2024-08-04
CUST100406,32,19665.78,758,Full-time,Midwest,2025-07-04
CUST100407,42,40694.11,670,Part-time,Southwest,2024-05-02
CUST100408,18,24628.12,737,Full-time,Southwest,2025-08-17
CUST100409,21,50386.23,682,Full-time,Northeast,2025-06-09
CUST100410,19,56939.66,619,Full-time,Southwest,2025-09-04
CUST100411,18,71626.95,670,Full-time,Southeast,2026-02-12
CUST100412,27,31547.09,714,Student,Midwest,2024-08-09
CUST100413,41,60916.05,749,Full-time,Northeast,2025-04-02
CUST100414,31,74043.33,650,Full-time,Southwest,2025-05-31
CUST100415,35,19159.21,536,Self-employed,Midwest,2025-09-24
CUST100416,44,52868.09,531,Self-employed,Northeast,2024-10-11
CUST100417,47,61779.7,635,Unemployed,Northeast,2025-10-15
CUST100418,33,35723.83,484,Student,Southwest,2026-01-19
CUST100419,47,23275.39,794,Full-time,Northeast,2026-06-03
CUST100420,34,61348.75,704,Full-time,Midwest,2024-07-15
CUST100421,25,23393.68,612,Part-time,Southwest,2026-06-11
CUST100422,28,37039.56,576,Full-time,West,2024-08-08
CUST100423,19,39416.67,737,Self-employed,Northeast,2025-09-18
CUST100424,25,55381.01,576,Full-time,Southeast,2026-08-11
CUST100425,30,30273.13,583,Unemployed,Northeast,2024-05-30
CUST100426,42,29493.86,602,Self-employed,West,2024-11-07
CUST100427,51,41961.67,668,Part-time,Midwest,2024-11-22
CUST100428,20,63125.22,706,Full-time,West,2025-04-24
CUST100429,37,112347.55,749,Student,Northeast,2024-10-21
CUST100430,23,20366.23,738,Self-employed,Southwest,2026-04-20
CUST100431,38,46254.03,660,Self-employed,Northeast,2026-01-22
CUST100432,32,24613.72,736,Self-employed,Northeast,2025-04-27
CUST100433,18,63479.04,609,Full-time,Midwest,2024-11-12
CUST100434,43,26308.7,523,Full-time,Southeast,2025-03-20
CUST100435,27,29626.02,609,Full-time,Southeast,2025-08-25
CUST100436,28,30786.39,599,Part-time,Northeast,2025-01-06
CUST100437,23,38781.96,612,Part-time,Midwest,2026-06-23
CUST100438,27,46417.83,588,Full-time,Southeast,2025-05-28
CUST100439,38,49894.48,625,Student,West,2025-09-04
CUST100440,32,40030.81,706,Full-time,Southwest,2025-06-06
CUST100441,37,22060.61,788,Self-employed,Midwest,2026-04-21
CUST100442,37,55687.1,530,Full-time,Southwest,2024-06-19
CUST100443,47,39189.68,563,Full-time,Midwest,2024-08-01
CUST100444,30,67695.88,600,Full-time,Midwest,2024-05-15
CUST100445,19,29188.13,717,Self-employed,West,2024-08-12
CUST100446,44,19515.74,644,Self-employed,Midwest,2025-01-13
CUST100447,30,39524.99,605,Full-time,Midwest,2025-12-06
CUST100448,45,71910.58,713,Full-time,Midwest,2026-05-06
CUST100449,37,43149.41,731,Part-time,Southwest,2025-02-27
CUST100450,32,36685.93,658,Full-time,Southwest,2024-05-12
CUST100451,37,27128.6,598,Part-time,Midwest,2025-10-01
CUST100452,53,88520.98,680,Full-time,Northeast,2024-04-02
CUST100453,54,25252.46,642,Unemployed,Southwest,2026-04-01
CUST100454,34,28957.15,641,Self-employed,Midwest,2025-12-10
CUST100455,35,51871.01,621,Full-time,West,2025-01-26
CUST100456,44,17409.84,729,Self-employed,West,2025-06-11
CUST100457,25,71222.62,678,Full-time,Northeast,2024-10-21
CUST100458,37,53150.72,737,Student,West,2025-10-17
CUST100459,33,60153.44,760,Part-time,West,2024-10-08
CUST100460,37,51593.59,694,Full-time,West,2025-11-25
CUST100461,25,37327.83,622,Self-employed,Midwest,2026-04-06
CUST100462,18,24874.12,738,Full-time,Southeast,2025-04-06
CUST100463,18,37683.06,694,Unemployed,Southwest,2025-05-25
CUST100464,22,25877.88,850,Student,West,2025-04-07
CUST100465,29,49949.61,683,Part-time,Midwest,2026-07-24
CUST100466,31,57702.22,712,Full-time,West,2025-08-21
CUST100467,53,78007.78,681,Part-time,Southeast,2026-05-27
CUST100468,45,47443.53,652,Full-time,West,2024-09-12
CUST100469,24,60843.42,640,Full-time,Northeast,2026-06-04
CUST100470,37,35111.53,682,Student,West,2024-05-25
CUST100471,29,32363.14,699,Full-time,West,2026-06-25
CUST100472,31,49669.8,746,Full-time,Southwest,2025-02-28
CUST100473,35,33728.12,683,Full-time,Southwest,2025-10-27
CUST100474,40,45303.23,625,Student,Midwest,2026-05-09
CUST100475,30,24896.03,635,Student,West,2025-10-06
CUST100476,44,26991.24,560,Full-time,Northeast,2026-07-10
CUST100477,22,53419.66,784,Full-time,Southeast,2024-12-14
CUST100478,34,59814.93,619,Self-employed,Northeast,2024-07-17
CUST100479,59,25756.82,732,Full-time,Southeast,2025-10-31
CUST100480,36,54272.69,680,Student,Midwest,2025-07-28
CUST100481,48,31579.67,682,Unemployed,Southeast,2026-04-13
CUST100482,34,40434.04,651,Self-employed,Midwest,2025-06-20
CUST100483,39,75934.39,600,Full-time,Southeast,2024-05-12
CUST100484,33,57720.59,587,Self-employed,Southeast,2025-05-02
CUST100485,32,57419.68,789,Student,Midwest,2024-07-13
CUST100486,26,94746.07,668,Full-time,Southeast,2024-10-04
CUST100487,38,29238.87,744,Unemployed,West,2026-04-27
CUST100488,25,25754.28,763,Full-time,West,2026-06-28
CUST100489,40,28999.82,629,Student,West,2025-10-02
CUST100490,44,35791.82,691,Part-time,Northeast,2024-05-18
CUST100491,37,15000.0,663,Full-time,Midwest,2026-03-20
CUST100492,31,36558.07,573,Full-time,Southwest,2026-07-06
CUST100493,38,31411.93,646,Full-time,Southeast,2024-05-01
CUST100494,30,57107.57,704,Full-time,Southeast,2026-02-22
CUST100495,43,47032.25,622,Unemployed,Southwest,2025-10-08
CUST100496,18,30628.51,635,Full-time,Northeast,2024-10-04
CUST100497,30,52338.23,646,Student,Southwest,2026-05-20
CUST100498,18,55573.87,818,Full-time,Midwest,2026-03-18
CUST100499,19,28400.28,522,Part-time,Southwest,2024-11-19
CUST100500,47,32149.08,697,Student,Southwest,2026-08-08
CUST100501,42,15000.0,640,Part-time,Midwest,2024-12-02
CUST100502,26,24568.07,611,Unemployed,Midwest,2025-04-29
CUST100503,18,28735.5,639,Student,Northeast,2026-01-16
CUST100504,18,41496.93,710,Part-time,West,2025-02-26
CUST100505,28,26227.87,714,Self-employed,Northeast,2025-11-07
CUST100506,58,31854.9,673,Full-time,West,2024-05-10
CUST100507,38,23123.42,741,Full-time,West,2025-08-17
CUST100508,28,43347.37,755,Full-time,Southwest,2024-10-31
CUST100509,38,48609.37,721,Self-employed,Southwest,2025-12-24
CUST100510,18,48101.3,619,Part-time,Northeast,2024-08-18
CUST100511,31,40358.71,697,Part-time,West,2025-12-05
CUST100512,34,20060.68,697,Student,Midwest,2025-05-29
CUST100513,33,30364.24,598,Full-time,Southeast,2024-09-15
CUST100514,41,33413.39,542,Student,Southwest,2024-05-30
CUST100515,37,33473.76,508,Full-time,Midwest,2024-10-28
CUST100516,40,41512.15,665,Full-time,Southeast,2025-01-10
CUST100517,27,76228.72,682,Part-time,Southeast,2024-12-19
CUST100518,42,57840.43,571,Full-time,Northeast,2025-08-25
CUST100519,50,25735.25,738,Part-time,West,2024-12-24
CUST100520,24,54463.24,671,Self-employed,Southwest,2025-04-01
CUST100521,25,53537.42,761,Self-employed,Southeast,2025-05-16
CUST100522,47,27924.78,687,Full-time,Southwest,2025-11-14
CUST100523,32,58805.44,580,Full-time,Southwest,2025-10-12
CUST100524,48,37340.38,694,Full-time,Northeast,2026-04-28
CUST100525,29,21279.96,710,Full-time,Northeast,2024-11-25
CUST100526,48,49258.7,618,Full-time,Southeast,2026-07-25
CUST100527,35,44250.98,551,Full-time,Northeast,2026-05-04
CUST100528,36,36226.46,667,Self-employed,West,2025-12-02
CUST100529,49,39464.08,584,Student,Northeast,2026-04-13
CUST100530,30,29039.48,744,Self-employed,West,2024-10-30
CUST100531,24,52815.43,629,Full-time,Midwest,2026-04-26
CUST100532,29,39357.71,789,Part-time,Northeast,2025-07-12
CUST100533,38,43256.46,500,Full-time,West,2024-11-14
CUST100534,18,47132.3,670,Full-time,Northeast,2025-03-19
CUST100535,40,23871.4,767,Full-time,West,2025-03-17
CUST100536,28,26837.96,593,Student,Northeast,2025-10-18
CUST100537,45,15000.0,648,Part-time,Southwest,2025-07-18
CUST100538,18,51747.64,629,Full-time,Southeast,2024-10-15
CUST100539,26,23260.35,608,Part-time,Midwest,2025-06-25
CUST100540,18,42602.0,678,Student,West,2024-12-13
CUST100541,25,47426.89,562,Full-time,Southwest,2024-08-24
CUST100542,36,52630.91,651,Self-employed,Southeast,2026-01-12
CUST100543,32,23346.27,698,Full-time,Northeast,2026-04-30
CUST100544,31,38975.06,643,Full-time,Southeast,2025-07-06
CUST100545,32,85103.73,584,Unemployed,West,2025-09-14
CUST100546,36,86806.92,737,Full-time,Midwest,2026-04-05
CUST100547,23,62585.91,714,Self-employed,Southwest,2024-10-21
CUST100548,41,46717.4,581,Full-time,Midwest,2025-02-17
CUST100549,40,25532.36,562,Part-time,Midwest,2025-01-18
CUST100550,37,55457.92,588,Part-time,Northeast,2024-12-05
CUST100551,39,37379.98,700,Unemployed,Northeast,2025-07-31
CUST100552,36,51649.6,680,Self-employed,Southwest,2025-05-27
CUST100553,54,30188.62,719,Part-time,Southeast,2026-01-30
CUST100554,33,37129.98,635,Full-time,Southeast,2024-11-15
CUST100555,30,43211.69,590,Full-time,Southeast,2024-05-12
CUST100556,26,44838.62,728,Part-time,Southwest,2024-07-14
CUST100557,23,50119.99,618,Full-time,West,2025-08-24
CUST100558,21,30926.3,673,Full-time,Southwest,2026-07-01
CUST100559,25,21928.05,543,Student,Southwest,2024-07-11
CUST100560,33,83379.13,617,Full-time,West,2025-03-31
CUST100561,37,123027.65,735,Full-time,Midwest,2024-10-06
CUST100562,34,49086.5,606,Unemployed,Northeast,2025-11-25
CUST100563,26,22119.25,721,Part-time,Midwest,2024-07-25
CUST100564,43,28340.93,485,Self-employed,West,2024-08-14
CUST100565,41,50468.41,618,Full-time,Southwest,2026-07-30
CUST100566,32,73387.0,647,Full-time,Southeast,2025-04-09
CUST100567,27,23253.23,790,Part-time,Southeast,2025-06-24
CUST100568,39,37950.97,572,Full-time,West,2025-01-18
CUST100569,35,43834.19,710,Self-employed,Northeast,2025-12-31
CUST100570,19,59222.71,739,Full-time,West,2026-05-20
CUST100571,33,34385.13,605,Full-time,Southwest,2025-12-18
CUST100572,36,19856.43,631,Full-time,West,2025-05-13
CUST100573,25,53079.12,670,Full-time,Southeast,2025-12-22
CUST100574,35,66579.91,548,Full-time,Southwest,2025-07-06
CUST100575,19,38670.56,625,Self-employed,Southeast,2025-09-09
CUST100576,47,48163.56,755,Part-time,Northeast,2024-12-18
CUST100577,46,32418.32,699,Full-time,Midwest,2025-08-21
CUST100578,31,27430.26,648,Part-time,West,2026-04-10
CUST100579,37,63696.92,668,Full-time,Southeast,2025-02-08
CUST100580,18,47780.51,703,Full-time,Northeast,2026-02-09
CUST100581,22,50044.4,717,Unemployed,West,2025-11-25
CUST100582,31,78901.21,618,Self-employed,West,2024-12-07
CUST100583,23,24967.27,775,Part-time,West,2025-12-19
CUST100584,41,31306.72,758,Full-time,West,2026-06-21
CUST100585,53,43091.02,710,Full-time,West,2025-10-04
CUST100586,22,31134.1,596,Self-employed,West,2025-09-10
CUST100587,25,57091.55,583,Part-time,West,2024-12-24
CUST100588,36,36889.06,635,Part-time,Southwest,2024-12-05
CUST100589,50,25677.24,664,Student,Southeast,2026-08-13
CUST100590,21,41340.47,527,Full-time,Midwest,2024-10-24
CUST100591,36,43332.25,697,Self-employed,Southeast,2024-11-02
CUST100592,52,61120.76,756,Part-time,Midwest,2026-03-16
CUST100593,18,47902.04,703,Full-time,Southwest,2025-10-23
CUST100594,21,49390.62,609,Full-time,Southeast,2024-10-15
CUST100595,29,46357.17,600,Part-time,Northeast,2025-03-30
CUST100596,28,36875.4,682,Full-time,Southwest,2025-10-22
CUST100597,42,29076.96,648,Part-time,West,2024-10-20
CUST100598,36,45705.65,693,Self-employed,West,2025-02-10
CUST100599,18,34547.62,705,Full-time,Northeast,2025-05-26
CUST100600,39,85855.44,741,Full-time,Midwest,2026-08-08
CUST100601,28,73422.23,575,Part-time,Midwest,2025-01-27
CUST100602,46,53357.92,676,Full-time,Midwest,2026-03-10
CUST100603,27,47586.77,632,Unemployed,Southwest,2024-06-04
CUST100604,27,38577.27,652,Full-time,Midwest,2026-03-02
CUST100605,39,22753.96,724,Student,West,2026-07-19
CUST100606,41,36414.51,732,Full-time,West,2025-09-20
CUST100607,38,42008.62,764,Full-time,Southwest,2025-10-13
CUST100608,18,44500.49,691,Self-employed,Midwest,2025-10-11
CUST100609,39,49577.45,651,Full-time,Midwest,2024-05-29
CUST100610,23,60754.63,641,Full-time,West,2025-12-18
CUST100611,36,29393.55,529,Full-time,Southeast,2024-08-15
CUST100612,19,29513.88,760,Self-employed,West,2026-03-25
CUST100613,38,77102.08,635,Part-time,Midwest,2025-02-23
CUST100614,25,56780.13,697,Full-time,Northeast,2026-04-22
CUST100615,21,33662.95,710,Full-time,Southwest,2026-01-26
CUST100616,41,38244.5,566,Full-time,Southeast,2026-04-07
CUST100617,36,38321.97,590,Student,Midwest,2025-10-30
CUST100618,27,40709.16,776,Full-time,West,2025-07-09
CUST100619,48,49647.7,681,Part-time,Southwest,2024-07-28
CUST100620,29,125586.08,616,Full-time,Southwest,2024-10-25
CUST100621,34,43712.55,650,Part-time,Northeast,2024-12-14
CUST100622,36,54077.27,741,Student,West,2025-06-14
CUST100623,27,18790.1,730,Full-time,Southeast,2025-12-08
CUST100624,38,32266.83,550,Self-employed,Northeast,2025-11-28
CUST100625,28,69770.51,782,Full-time,West,2026-04-20
CUST100626,29,48100.22,732,Part-time,Northeast,2025-01-12
CUST100627,47,15000.0,648,Full-time,Southeast,2024-10-03
CUST100628,23,54356.01,570,Full-time,Northeast,2025-04-24
CUST100629,18,95146.58,739,Full-time,Southwest,2025-03-30
CUST100630,50,16347.69,695,Full-time,West,2025-09-24
CUST100631,59,79516.87,550,Student,Midwest,2024-04-27
CUST100632,29,15000.0,642,Self-employed,West,2024-07-02
CUST100633,18,61212.06,850,Full-time,West,2025-08-25
CUST100634,30,39978.94,661,Full-time,West,2024-10-26
CUST100635,31,15000.0,604,Self-employed,Northeast,2025-10-14
CUST100636,32,49058.17,584,Full-time,Southeast,2026-04-28
CUST100637,22,67364.8,792,Full-time,Southeast,2025-12-04
CUST100638,39,47275.58,723,Self-employed,Southwest,2024-08-17
CUST100639,39,52217.47,765,Full-time,West,2025-06-20
CUST100640,19,33347.76,678,Full-time,Southeast,2024-07-22
CUST100641,40,17367.82,754,Full-time,Southwest,2025-11-06
CUST100642,54,54794.16,596,Full-time,Northeast,2025-07-09
CUST100643,35,88202.38,672,Part-time,Midwest,2026-06-11
CUST100644,30,66723.43,681,Self-employed,Southwest,2024-10-03
CUST100645,32,16406.88,763,Student,Southeast,2025-11-15
CUST100646,40,20298.4,683,Full-time,Northeast,2026-05-26
CUST100647,18,27427.86,613,Self-employed,Midwest,2026-02-04
CUST100648,35,19597.57,664,Student,Southwest,2025-01-12
CUST100649,30,40940.93,534,Part-time,West,2024-09-03
CUST100650,52,47907.97,485,Student,Southwest,2024-05-05
CUST100651,32,21086.45,722,Student,Southwest,2026-01-21
CUST100652,50,56937.41,631,Self-employed,Midwest,2025-03-18
CUST100653,22,52601.33,640,Student,West,2025-07-10
CUST100654,39,31361.25,722,Part-time,West,2024-11-29
CUST100655,37,37136.85,764,Full-time,West,2025-01-05
CUST100656,25,16690.41,700,Unemployed,West,2026-06-13
CUST100657,35,34561.03,804,Self-employed,Midwest,2026-04-06
CUST100658,46,40268.44,697,Full-time,West,2025-03-18
CUST100659,30,43301.23,682,Full-time,Southwest,2025-05-08
CUST100660,18,47595.55,678,Full-time,Southwest,2024-07-04
CUST100661,33,44797.55,563,Unemployed,Southwest,2024-08-06
CUST100662,24,35633.64,731,Full-time,Northeast,2026-06-24
CUST100663,30,45651.32,476,Full-time,West,2025-03-23
CUST100664,33,63001.54,616,Full-time,Southeast,2025-08-25
CUST100665,18,38446.61,661,Full-time,Southwest,2025-06-20
CUST100666,18,46300.95,600,Student,West,2026-06-18
CUST100667,38,36909.45,626,Full-time,Northeast,2024-08-14
CUST100668,28,30000.17,797,Full-time,Southeast,2026-03-23
CUST100669,18,50781.93,742,Full-time,West,2024-05-11
CUST100670,41,31261.68,608,Self-employed,Southeast,2024-05-25
CUST100671,36,47751.52,624,Part-time,Southwest,2024-08-29
CUST100672,26,40648.41,564,Full-time,Midwest,2026-05-03
CUST100673,20,35004.41,712,Full-time,West,2025-08-23
CUST100674,42,34625.16,641,Unemployed,Midwest,2026-07-24
CUST100675,37,31931.41,512,Self-employed,Midwest,2025-02-27
CUST100676,57,19137.2,667,Self-employed,Northeast,2024-07-23
CUST100677,38,47681.69,692,Full-time,Midwest,2025-05-12
CUST100678,37,44542.37,732,Student,Midwest,2026-07-24
CUST100679,32,58826.73,654,Self-employed,Southwest,2025-11-23
CUST100680,42,31597.85,632,Full-time,Southwest,2026-03-18
CUST100681,40,94176.19,808,Student,Southwest,2025-07-31
CUST100682,46,33830.53,660,Unemployed,Midwest,2025-09-24
CUST100683,28,27070.52,713,Self-employed,Northeast,2024-08-22
CUST100684,29,25663.93,619,Self-employed,Southeast,2026-02-02
CUST100685,29,18393.17,711,Full-time,Midwest,2025-11-25
CUST100686,41,79992.05,550,Full-time,West,2026-01-19
CUST100687,48,74382.82,625,Full-time,Southwest,2024-07-01
CUST100688,29,52592.84,569,Part-time,West,2025-11-30
CUST100689,29,26816.16,614,Full-time,West,2024-04-03
CUST100690,37,90678.04,753,Full-time,Northeast,2025-01-11
CUST100691,31,34259.75,614,Student,Northeast,2025-11-20
CUST100692,43,35558.64,713,Full-time,Midwest,2025-03-15
CUST100693,18,76631.74,773,Self-employed,Southeast,2026-04-29
CUST100694,25,53987.61,657,Full-time,West,2024-06-18
CUST100695,26,108065.89,734,Full-time,Midwest,2024-05-03
CUST100696,18,44887.97,699,Full-time,Northeast,2025-12-01
CUST100697,24,33568.26,668,Full-time,Southeast,2026-03-18
CUST100698,24,30475.79,716,Full-time,Southeast,2025-08-06
CUST100699,31,17480.68,797,Full-time,Northeast,2024-10-11
CUST100700,45,35405.83,612,Part-time,Southeast,2025-02-14
CUST100701,31,67175.71,588,Full-time,Midwest,2026-07-10
CUST100702,23,52547.64,583,Full-time,West,2026-08-06
CUST100703,33,40503.29,734,Full-time,Southwest,2026-01-21
CUST100704,44,25649.5,744,Full-time,Northeast,2024-10-26
CUST100705,24,44448.78,619,Full-time,Midwest,2025-12-30
CUST100706,24,63307.95,499,Full-time,Southwest,2024-06-26
CUST100707,39,48718.97,609,Self-employed,Southeast,2025-11-28
CUST100708,31,43262.04,701,Part-time,Midwest,2024-06-28
CUST100709,40,28039.49,654,Unemployed,West,2024-06-05
CUST100710,33,59292.13,673,Self-employed,Northeast,2024-11-18
CUST100711,41,15000.0,620,Full-time,Midwest,2026-03-14
CUST100712,23,47680.63,736,Full-time,Southwest,2026-06-12
CUST100713,33,127598.63,685,Full-time,Southwest,2026-03-15
CUST100714,31,20358.06,703,Part-time,West,2025-02-09
CUST100715,21,36003.94,671,Full-time,Southeast,2024-12-20
CUST100716,18,39992.21,699,Full-time,Midwest,2024-04-08
CUST100717,40,32592.51,694,Student,West,2024-05-07
CUST100718,30,63982.73,590,Full-time,West,2025-11-19
CUST100719,23,49642.52,687,Full-time,West,2025-09-09
CUST100720,33,42981.93,719,Student,Southwest,2024-10-11
CUST100721,45,57455.88,746,Full-time,Southeast,2024-10-10
CUST100722,18,40438.51,691,Full-time,Southeast,2025-11-14
CUST100723,19,167868.97,587,Full-time,Southwest,2026-07-17
CUST100724,24,42963.5,599,Full-time,Southeast,2026-05-22
CUST100725,48,43821.37,627,Student,Southwest,2024-08-27
CUST100726,36,18588.33,674,Part-time,Midwest,2025-10-14
CUST100727,41,31427.78,650,Full-time,Midwest,2024-11-22
CUST100728,22,67259.93,575,Full-time,Southeast,2024-09-16
CUST100729,22,22005.43,575,Full-time,Southwest,2024-06-24
CUST100730,38,15200.74,502,Part-time,Midwest,2025-06-11
CUST100731,34,40722.74,426,Full-time,Southeast,2025-02-05
CUST100732,39,74372.02,650,Full-time,Southeast,2026-02-24
CUST100733,32,40907.62,834,Part-time,Midwest,2024-05-17
CUST100734,36,34501.01,794,Unemployed,Southwest,2024-07-06
CUST100735,35,17390.52,586,Unemployed,West,2025-09-08
CUST100736,41,49193.38,671,Self-employed,Southeast,2025-09-28
CUST100737,42,54045.08,550,Full-time,Northeast,2024-11-14
CUST100738,18,18001.68,561,Self-employed,West,2025-08-18
CUST100739,18,66872.27,570,Student,Northeast,2024-11-20
CUST100740,44,56645.23,643,Full-time,West,2026-05-27
CUST100741,45,66805.6,646,Full-time,Northeast,2025-12-23
CUST100742,23,52186.87,678,Full-time,Southeast,2024-10-04
CUST100743,18,53860.75,709,Student,West,2024-06-04
CUST100744,34,50732.62,634,Student,Northeast,2026-07-22
CUST100745,43,59326.57,662,Self-employed,Northeast,2024-10-05
CUST100746,51,17704.23,577,Full-time,Southwest,2026-06-14
CUST100747,39,20425.17,559,Student,Northeast,2024-07-21
CUST100748,30,28819.18,547,Full-time,Northeast,2026-01-05
CUST100749,25,37857.37,708,Full-time,Southwest,2025-10-02
CUST100750,34,47794.3,634,Part-time,West,2024-11-28
CUST100751,31,46448.84,519,Self-employed,Southwest,2024-08-12
CUST100752,23,66349.91,655,Unemployed,West,2025-08-18
CUST100753,54,67293.77,566,Full-time,Midwest,2025-11-12
CUST100754,51,27103.73,784,Full-time,Southwest,2024-04-13
CUST100755,45,44683.49,616,Full-time,West,2024-04-26
CUST100756,24,27404.86,711,Full-time,Midwest,2025-05-15
CUST100757,42,36874.99,741,Unemployed,Northeast,2026-07-24
CUST100758,40,46388.47,588,Full-time,Southeast,2024-04-22
CUST100759,38,15000.0,665,Full-time,Southwest,2025-02-21
CUST100760,46,118783.74,701,Full-time,West,2025-04-20
CUST100761,40,51786.45,668,Self-employed,Southwest,2026-05-08
CUST100762,41,30697.41,687,Unemployed,Midwest,2024-04-01
CUST100763,40,95541.54,560,Full-time,Southeast,2024-11-26
CUST100764,37,34325.92,701,Full-time,Southwest,2026-02-05
CUST100765,18,42601.03,623,Student,West,2025-10-01
CUST100766,34,32234.67,686,Part-time,Southeast,2025-10-18
CUST100767,28,84406.22,728,Full-time,Midwest,2024-07-17
CUST100768,21,38282.83,710,Full-time,Midwest,2025-06-26
CUST100769,50,42927.5,686,Student,Southeast,2024-07-15
CUST100770,51,68988.97,708,Self-employed,Midwest,2024-12-23
CUST100771,47,52224.8,711,Full-time,Northeast,2025-09-27
CUST100772,36,39165.18,772,Full-time,Midwest,2025-08-26
CUST100773,47,66149.72,657,Full-time,Northeast,2024-09-08
CUST100774,34,125783.5,672,Full-time,Midwest,2025-06-05
CUST100775,36,46297.1,729,Full-time,West,2024-12-29
CUST100776,23,42299.99,623,Full-time,Northeast,2026-04-29
CUST100777,37,43337.87,559,Full-time,Southeast,2025-08-07
CUST100778,34,72380.58,696,Full-time,Southwest,2025-03-30
CUST100779,20,30649.17,644,Full-time,West,2025-10-19
CUST100780,33,35410.27,569,Full-time,West,2024-08-06
CUST100781,33,20093.48,697,Self-employed,Northeast,2026-02-12
CUST100782,51,23558.91,767,Full-time,Southeast,2024-08-04
CUST100783,42,31792.64,537,Unemployed,West,2026-06-20
CUST100784,34,39137.19,736,Unemployed,Midwest,2025-08-07
CUST100785,36,88972.93,469,Student,West,2025-05-20
CUST100786,34,51082.47,629,Full-time,Northeast,2026-01-05
CUST100787,31,26623.9,798,Full-time,Northeast,2025-05-01
CUST100788,23,28923.47,635,Part-time,Southeast,2024-06-21
CUST100789,32,74506.15,666,Full-time,Northeast,2025-07-23
CUST100790,26,66634.29,717,Full-time,West,2025-05-02
CUST100791,21,40646.48,531,Full-time,West,2024-05-08
CUST100792,39,32888.0,665,Part-time,Southeast,2024-06-01
CUST100793,37,66584.01,664,Self-employed,Northeast,2026-08-02
CUST100794,18,25668.06,799,Full-time,Northeast,2024-11-20
CUST100795,32,47878.11,567,Student,Southeast,2024-08-04
CUST100796,43,111602.26,631,Self-employed,Southwest,2024-05-16
CUST100797,44,44020.47,590,Full-time,West,2024-09-16
CUST100798,44,28310.15,582,Full-time,Midwest,2026-06-03
CUST100799,34,48274.85,744,Full-time,West,2024-10-22
CUST100800,25,32483.78,661,Unemployed,West,2024-08-09
CUST100801,23,21432.16,618,Self-employed,Southwest,2025-05-14
CUST100802,37,55020.78,621,Part-time,Northeast,2026-07-26
CUST100803,37,66371.66,617,Part-time,West,2026-03-01
CUST100804,46,34894.76,624,Full-time,West,2025-12-17
CUST100805,44,33868.61,565,Student,Midwest,2024-07-24
CUST100806,32,26037.56,640,Student,Midwest,2026-04-26
CUST100807,21,37516.23,633,Self-employed,Southwest,2024-11-04
CUST100808,30,31161.36,603,Full-time,Midwest,2026-03-11
CUST100809,36,25464.36,671,Full-time,Southeast,2024-08-19
CUST100810,31,94040.04,677,Full-time,Southwest,2026-08-04
CUST100811,28,49509.59,618,Full-time,Southwest,2026-01-20
CUST100812,36,51926.15,649,Part-time,Northeast,2026-05-17
CUST100813,28,59726.42,821,Self-employed,Southwest,2025-04-18
CUST100814,27,56781.53,819,Student,Northeast,2024-10-03
CUST100815,37,33326.25,580,Full-time,Midwest,2025-08-17
CUST100816,29,45371.92,591,Full-time,Northeast,2025-05-06
CUST100817,36,35558.56,580,Full-time,West,2025-02-03
CUST100818,36,48889.05,739,Student,Southwest,2025-07-14
CUST100819,22,46805.73,630,Self-employed,Midwest,2024-10-28
CUST100820,29,33786.04,677,Full-time,Midwest,2025-12-10
CUST100821,48,22066.49,809,Part-time,Southwest,2026-03-15
CUST100822,22,42864.82,659,Part-time,Northeast,2026-03-03
CUST100823,18,36610.07,712,Full-time,Midwest,2026-03-15
CUST100824,18,17142.78,699,Full-time,Southwest,2026-07-12
CUST100825,34,50435.36,615,Full-time,Southeast,2026-07-07
CUST100826,34,61969.89,739,Full-time,Midwest,2026-06-29
CUST100827,32,125211.6,596,Part-time,Southeast,2026-03-30
CUST100828,46,33656.49,760,Full-time,Northeast,2025-02-08
CUST100829,18,31494.86,615,Self-employed,West,2026-01-17
CUST100830,37,24361.53,624,Part-time,Midwest,2025-03-23
CUST100831,49,44085.62,578,Full-time,Southeast,2026-06-11
CUST100832,22,43960.34,590,Student,Southeast,2024-09-16
CUST100833,30,27859.15,627,Full-time,Southwest,2025-10-08
CUST100834,26,37096.64,477,Part-time,Northeast,2025-07-26
CUST100835,25,16475.02,642,Full-time,Midwest,2025-01-03
CUST100836,30,60892.76,621,Self-employed,Southeast,2024-03-29
CUST100837,48,28373.03,719,Full-time,West,2024-09-23
CUST100838,52,39513.78,691,Full-time,Southwest,2025-08-29
CUST100839,30,21120.26,606,Full-time,Southwest,2025-10-17
CUST100840,53,30882.37,625,Self-employed,Northeast,2025-10-23
CUST100841,34,35389.98,642,Part-time,Northeast,2026-06-02
CUST100842,51,39931.43,771,Part-time,Midwest,2025-10-24
CUST100843,33,49805.45,598,Full-time,Southeast,2024-10-22
CUST100844,35,76694.39,606,Part-time,Southwest,2025-12-16
CUST100845,37,55810.65,575,Part-time,Southwest,2025-09-07
CUST100846,65,61881.35,548,Full-time,Southeast,2026-06-14
CUST100847,42,76937.36,683,Full-time,Northeast,2026-01-07
CUST100848,26,51863.4,675,Full-time,Southeast,2026-06-15
CUST100849,43,39477.33,756,Self-employed,Midwest,2025-06-30
CUST100850,30,63202.58,738,Full-time,Southeast,2025-11-28
CUST100851,29,65046.27,839,Full-time,Southeast,2024-04-22
CUST100852,43,53736.87,654,Student,Southeast,2025-03-18
CUST100853,34,20856.43,640,Unemployed,Northeast,2025-09-23
CUST100854,36,27483.55,562,Full-time,Southwest,2025-05-03
CUST100855,34,35465.5,712,Unemployed,West,2024-05-01
CUST100856,37,57001.31,668,Full-time,West,2026-03-09
CUST100857,38,39751.15,708,Unemployed,West,2026-01-05
CUST100858,18,66942.6,574,Full-time,Southwest,2025-04-26
CUST100859,40,72537.32,686,Full-time,Southwest,2026-05-14
CUST100860,24,68845.95,675,Student,Northeast,2025-05-18
CUST100861,19,69043.59,670,Full-time,Southeast,2026-03-30
CUST100862,33,25168.61,608,Self-employed,Southwest,2024-07-23
CUST100863,34,49870.55,749,Full-time,West,2024-10-09
CUST100864,27,30534.48,813,Full-time,West,2026-07-02
CUST100865,42,19109.1,576,Student,Southwest,2025-05-03
CUST100866,20,35264.71,714,Full-time,Northeast,2026-02-12
CUST100867,29,72848.09,444,Unemployed,West,2025-03-25
CUST100868,28,49381.64,710,Unemployed,Southeast,2025-04-27
CUST100869,33,99510.08,519,Full-time,Northeast,2024-04-24
CUST100870,36,43466.84,620,Full-time,Southwest,2026-03-12
CUST100871,23,120754.07,561,Full-time,Northeast,2025-05-31
CUST100872,41,43472.53,643,Full-time,Southeast,2024-04-26
CUST100873,34,40542.91,722,Full-time,Southwest,2026-05-04
CUST100874,18,22567.69,520,Full-time,West,2026-01-05
CUST100875,18,66154.83,633,Self-employed,West,2024-11-26
CUST100876,33,32017.69,621,Full-time,Northeast,2026-05-11
CUST100877,31,29996.28,778,Self-employed,Northeast,2026-02-14
CUST100878,32,71435.75,692,Full-time,West,2024-05-03
CUST100879,33,67588.98,571,Full-time,Southeast,2025-03-26
CUST100880,36,66797.65,624,Full-time,Northeast,2026-06-26
CUST100881,43,34098.68,776,Full-time,Midwest,2024-07-31
CUST100882,22,39224.66,713,Part-time,Southwest,2025-05-15
CUST100883,22,39068.25,591,Full-time,West,2025-06-24
CUST100884,23,57075.67,639,Self-employed,Midwest,2024-04-02
CUST100885,36,80749.26,642,Self-employed,Southwest,2025-11-13
CUST100886,46,47366.28,619,Full-time,Midwest,2025-09-18
CUST100887,29,97606.66,531,Unemployed,West,2025-03-31
CUST100888,18,60098.34,609,Student,Midwest,2026-01-15
CUST100889,18,36110.55,764,Full-time,Southwest,2026-04-25
CUST100890,25,58274.51,631,Student,West,2026-04-15
CUST100891,28,86480.4,652,Full-time,West,2025-11-19
CUST100892,29,98639.79,670,Part-time,Midwest,2026-06-05
CUST100893,34,68466.59,826,Full-time,Midwest,2025-06-01
CUST100894,30,40601.22,660,Self-employed,Midwest,2024-04-01
CUST100895,44,36405.97,742,Self-employed,Northeast,2026-01-04
CUST100896,27,52012.08,615,Student,Southeast,2026-07-09
CUST100897,25,85245.32,640,Student,Southwest,2026-07-10
CUST100898,38,48785.88,660,Full-time,Northeast,2026-03-22
CUST100899,18,49243.83,601,Part-time,Southwest,2025-03-22
CUST100900,37,41073.94,644,Full-time,Midwest,2025-06-30
CUST100901,35,34629.08,726,Full-time,Midwest,2025-08-29
CUST100902,32,37310.85,599,Full-time,West,2024-10-26
CUST100903,49,42656.79,660,Student,Southeast,2025-09-08
CUST100904,27,86954.91,713,Part-time,Southwest,2025-02-23
CUST100905,54,36030.78,598,Full-time,Southwest,2024-03-29
CUST100906,31,41096.38,742,Student,West,2026-03-19
CUST100907,21,27189.33,665,Self-employed,West,2026-05-08
CUST100908,34,55408.26,647,Full-time,Midwest,2026-02-05
CUST100909,23,74236.08,509,Full-time,Southeast,2026-04-01
CUST100910,26,83368.35,631,Self-employed,Southwest,2024-08-22
CUST100911,37,43981.05,687,Part-time,West,2024-07-12
CUST100912,39,51971.95,790,Full-time,Southeast,2025-04-13
CUST100913,27,37455.26,702,Full-time,Southeast,2026-04-22
CUST100914,43,50899.5,744,Full-time,Midwest,2024-08-03
CUST100915,45,46225.38,569,Full-time,Northeast,2024-06-06
CUST100916,48,41201.05,650,Full-time,Southeast,2025-08-24
CUST100917,39,42701.49,751,Full-time,Northeast,2025-01-06
CUST100918,47,49186.04,593,Full-time,Southwest,2025-03-02
CUST100919,18,35158.84,732,Part-time,Midwest,2025-05-11
CUST100920,30,35985.68,714,Full-time,Southwest,2025-10-10
CUST100921,25,86535.75,680,Full-time,Northeast,2025-12-14
CUST100922,35,135909.71,635,Full-time,Midwest,2025-12-17
CUST100923,28,23342.59,586,Student,Southwest,2025-10-05
CUST100924,32,22770.88,793,Full-time,Southwest,2024-10-21
CUST100925,52,26089.32,707,Full-time,Southwest,2024-08-25
CUST100926,32,38312.07,685,Full-time,Northeast,2026-05-07
CUST100927,38,60060.11,629,Self-employed,Midwest,2026-06-24
CUST100928,31,52368.67,662,Full-time,Midwest,2025-06-23
CUST100929,34,43365.26,672,Full-time,West,2024-10-14
CUST100930,34,50920.51,689,Unemployed,Southwest,2025-04-12
CUST100931,38,29394.45,715,Self-employed,West,2024-08-23
CUST100932,45,35959.36,601,Full-time,Northeast,2024-12-01
CUST100933,50,39773.55,550,Full-time,Midwest,2024-12-07
CUST100934,37,19674.97,666,Student,Southwest,2025-05-02
CUST100935,39,23799.28,528,Student,Northeast,2026-06-27
CUST100936,22,24228.75,635,Self-employed,Southwest,2026-03-10
CUST100937,33,56604.78,621,Self-employed,Southeast,2024-11-05
CUST100938,43,44820.0,696,Unemployed,Northeast,2025-11-18
CUST100939,42,52837.56,808,Student,Southwest,2024-11-22
CUST100940,36,17538.53,514,Full-time,Midwest,2025-10-22
CUST100941,42,20586.59,830,Student,Midwest,2026-08-02
CUST100942,38,54092.29,642,Self-employed,Southeast,2025-01-02
CUST100943,46,15000.0,686,Part-time,Southwest,2024-06-28
CUST100944,36,69639.22,553,Full-time,Southwest,2025-07-21
CUST100945,30,17667.95,734,Full-time,Southwest,2026-04-20
CUST100946,37,58659.52,663,Self-employed,Southwest,2025-08-18
CUST100947,18,26906.87,655,Part-time,Southwest,2024-04-30
CUST100948,37,64344.5,514,Full-time,Northeast,2025-11-09
CUST100949,18,170020.18,665,Part-time,Northeast,2026-06-13
CUST100950,18,15000.0,723,Full-time,West,2024-10-15
CUST100951,38,54880.85,642,Full-time,Southeast,2026-01-18
CUST100952,38,17788.84,748,Part-time,Midwest,2026-07-12
CUST100953,22,48632.44,744,Part-time,Southeast,2024-12-21
CUST100954,26,36568.87,611,Full-time,West,2025-10-23
CUST100955,47,42548.59,779,Full-time,West,2026-04-16
CUST100956,29,26628.6,663,Full-time,Midwest,2026-06-28
CUST100957,56,57024.91,663,Part-time,Southwest,2026-03-06
CUST100958,33,20915.36,667,Student,Midwest,2026-04-05
CUST100959,38,70174.25,665,Self-employed,Southwest,2026-08-04
CUST100960,50,33384.18,462,Self-employed,West,2025-09-25
CUST100961,35,21349.62,646,Full-time,Southwest,2024-08-24
CUST100962,23,82266.69,557,Full-time,Northeast,2025-09-03
CUST100963,32,38936.83,781,Unemployed,Midwest,2026-07-12
CUST100964,33,94696.87,778,Full-time,West,2024-07-07
CUST100965,20,69536.72,723,Full-time,Northeast,2025-02-09
CUST100966,31,28024.5,642,Full-time,Southeast,2024-04-27
CUST100967,26,38628.85,584,Part-time,Southeast,2025-03-25
CUST100968,43,42381.49,610,Full-time,Southwest,2025-06-24
CUST100969,34,79764.71,805,Full-time,Northeast,2025-05-26
CUST100970,31,48868.24,608,Part-time,Southwest,2026-08-08
CUST100971,32,43448.5,483,Full-time,Northeast,2025-09-21
CUST100972,36,36682.47,737,Full-time,West,2025-07-25
CUST100973,40,39232.05,772,Self-employed,Southeast,2025-11-26
CUST100974,24,72190.7,784,Student,Midwest,2024-08-15
CUST100975,23,40201.81,737,Full-time,Southwest,2024-05-03
CUST100976,45,33598.99,750,Full-time,Southeast,2025-06-23
CUST100977,29,31131.39,663,Full-time,Northeast,2024-09-29
CUST100978,19,31282.24,504,Full-time,West,2026-01-31
CUST100979,38,21355.33,662,Unemployed,Northeast,2024-06-02
CUST100980,38,28633.46,706,Self-employed,Midwest,2024-12-10
CUST100981,18,78770.13,649,Full-time,Northeast,2024-11-13
CUST100982,36,36571.71,646,Self-employed,Southwest,2025-03-14
CUST100983,41,55104.42,587,Full-time,Southeast,2024-08-22
CUST100984,37,15000.0,584,Full-time,West,2025-05-06
CUST100985,40,51830.81,797,Student,Southeast,2024-04-27
CUST100986,19,37323.98,800,Full-time,Southwest,2025-01-14
CUST100987,37,32317.11,659,Full-time,Northeast,2025-07-15
CUST100988,30,43539.85,681,Unemployed,Northeast,2026-02-13
CUST100989,29,32108.58,586,Full-time,Southeast,2024-06-16
CUST100990,42,15432.89,708,Full-time,West,2026-06-26
CUST100991,48,60779.73,791,Full-time,West,2026-07-07
CUST100992,51,44772.88,545,Full-time,Southwest,2026-07-18
CUST100993,47,34847.12,694,Full-time,Southeast,2026-05-12
CUST100994,32,25983.49,700,Full-time,Southeast,2026-01-11
CUST100995,37,20713.98,699,Full-time,Southeast,2025-06-13
CUST100996,41,44389.21,783,Full-time,Southeast,2025-12-16
CUST100997,35,82954.57,812,Part-time,Midwest,2025-07-15
CUST100998,35,43977.13,642,Unemployed,Southwest,2025-07-20
CUST100999,42,21541.95,710,Part-time,Southeast,2025-07-28
CUST101000,33,44413.67,666,Part-time,Northeast,2026-06-23
CUST101001,26,39182.9,612,Self-employed,Midwest,2025-05-03
CUST101002,29,59208.46,680,Full-time,Southeast,2025-11-26
CUST101003,40,52734.75,710,Full-time,Midwest,2025-05-02
CUST101004,34,15000.0,676,Full-time,Southwest,2026-06-22
CUST101005,37,51295.54,593,Full-time,West,2024-07-17
CUST101006,40,25551.06,625,Student,Midwest,2024-11-23
CUST101007,30,21167.5,625,Full-time,West,2025-10-17
CUST101008,41,36871.23,596,Unemployed,Southeast,2025-10-05
CUST101009,37,48287.93,683,Full-time,Southwest,2025-11-11
CUST101010,21,19180.88,691,Full-time,West,2024-04-03
CUST101011,48,55108.51,733,Full-time,Southeast,2024-12-11
CUST101012,28,56585.19,595,Full-time,Southwest,2025-07-09
CUST101013,18,40992.29,616,Full-time,Midwest,2025-01-26
CUST101014,23,27161.87,776,Part-time,West,2026-06-18
CUST101015,23,25829.69,647,Full-time,Southeast,2024-08-22
CUST101016,34,63682.78,662,Self-employed,West,2025-03-13
CUST101017,31,20331.97,646,Unemployed,Southwest,2025-11-17
CUST101018,30,64796.81,744,Full-time,Southwest,2024-12-18
CUST101019,40,37259.43,747,Student,Northeast,2026-08-08
CUST101020,37,38440.79,743,Full-time,Northeast,2025-06-13
CUST101021,37,18608.25,661,Full-time,Southwest,2024-05-14
CUST101022,38,37570.62,594,Full-time,Midwest,2024-10-22
CUST101023,40,52897.61,804,Part-time,Southeast,2026-07-06
CUST101024,18,21995.99,724,Full-time,West,2025-03-18
CUST101025,30,50230.92,625,Part-time,Midwest,2024-12-30
CUST101026,18,41775.09,766,Unemployed,Midwest,2025-05-12
CUST101027,34,30040.75,619,Full-time,Southeast,2025-11-07
CUST101028,33,58959.31,765,Self-employed,West,2024-12-31
CUST101029,44,15000.0,770,Part-time,Southeast,2025-08-10
CUST101030,45,46910.95,590,Full-time,Southeast,2024-05-10
CUST101031,36,83178.64,703,Full-time,Southwest,2024-08-14
CUST101032,28,76724.35,718,Full-time,Northeast,2024-06-13
CUST101033,38,47830.22,850,Full-time,Midwest,2025-08-13
CUST101034,28,35039.93,604,Self-employed,Midwest,2025-01-01
CUST101035,33,30148.45,767,Full-time,Southeast,2026-04-10
CUST101036,43,35020.31,661,Full-time,Southwest,2024-10-28
CUST101037,28,51262.42,566,Self-employed,Northeast,2024-10-26
CUST101038,42,27910.0,651,Part-time,West,2024-10-08
CUST101039,40,56434.77,660,Student,West,2026-07-27
CUST101040,24,104811.86,580,Full-time,Northeast,2025-07-13
CUST101041,43,39032.6,683,Part-time,Midwest,2025-12-17
CUST101042,40,21917.1,731,Full-time,Northeast,2024-06-08
CUST101043,35,21913.65,677,Part-time,Southwest,2025-05-02
CUST101044,26,56922.99,619,Full-time,Southeast,2025-02-28
CUST101045,25,39070.16,648,Full-time,Midwest,2025-07-29
CUST101046,28,59550.14,659,Student,West,2026-05-06
CUST101047,39,31566.91,676,Self-employed,Southwest,2025-02-20
CUST101048,24,58324.68,743,Part-time,West,2025-02-28
CUST101049,38,37375.3,680,Full-time,Southwest,2025-09-16
CUST101050,21,28864.66,554,Self-employed,Midwest,2025-02-12
CUST101051,31,33508.37,617,Full-time,Northeast,2025-09-08
CUST101052,35,23419.53,672,Full-time,Northeast,2025-01-16
CUST101053,58,98244.23,744,Full-time,Midwest,2025-10-14
CUST101054,20,38431.33,757,Full-time,Midwest,2024-10-10
CUST101055,48,53638.98,793,Full-time,Midwest,2024-07-03
CUST101056,35,31520.99,669,Self-employed,West,2025-06-18
CUST101057,38,25000.03,717,Full-time,Northeast,2026-07-29
CUST101058,35,36125.48,550,Self-employed,Southwest,2024-12-28
CUST101059,38,65876.47,692,Unemployed,Southwest,2024-05-18
CUST101060,32,31750.72,579,Full-time,Southwest,2024-12-04
CUST101061,48,27126.34,655,Self-employed,Southeast,2025-10-06
CUST101062,29,43043.17,850,Full-time,Midwest,2025-04-10
CUST101063,45,50239.67,682,Unemployed,Northeast,2025-09-30
CUST101064,27,84059.63,595,Full-time,Northeast,2024-10-09
CUST101065,33,47060.43,690,Full-time,West,2024-11-20
CUST101066,23,53626.4,621,Full-time,Southwest,2025-02-16
CUST101067,38,55474.23,587,Unemployed,West,2025-09-10
CUST101068,48,23888.28,817,Full-time,Southwest,2026-03-16
CUST101069,33,26016.87,740,Self-employed,Southeast,2025-02-23
CUST101070,32,24642.96,685,Full-time,West,2025-10-24
CUST101071,22,22038.24,630,Part-time,Southwest,2024-06-18
CUST101072,31,57409.03,636,Full-time,Northeast,2026-06-20
CUST101073,18,45730.58,775,Full-time,Northeast,2024-08-07
CUST101074,24,41596.58,682,Full-time,Southwest,2024-10-04
CUST101075,36,15000.0,428,Full-time,Southwest,2025-05-22
CUST101076,47,101211.19,841,Self-employed,Northeast,2024-04-01
CUST101077,62,26838.09,673,Self-employed,Midwest,2024-11-28
CUST101078,28,101044.44,685,Full-time,West,2026-07-08
CUST101079,48,20907.04,741,Full-time,Southwest,2025-09-06
CUST101080,36,27845.3,694,Full-time,West,2024-08-12
CUST101081,32,15000.0,716,Self-employed,Southeast,2024-10-07
CUST101082,38,47238.11,628,Self-employed,Northeast,2026-03-27
CUST101083,34,24451.2,567,Unemployed,Southeast,2026-03-18
CUST101084,35,24764.09,681,Unemployed,Southwest,2024-06-01
CUST101085,29,21641.51,767,Full-time,West,2026-07-05
CUST101086,20,56943.21,611,Full-time,Southwest,2024-05-09
CUST101087,18,55279.57,605,Unemployed,Northeast,2025-04-30
CUST101088,40,90709.31,751,Full-time,Midwest,2024-09-10
CUST101089,31,29478.96,625,Full-time,Northeast,2026-02-07
CUST101090,28,44287.99,629,Full-time,Southwest,2025-10-18
CUST101091,34,22466.92,632,Self-employed,Midwest,2024-11-18
CUST101092,41,34517.87,655,Part-time,Midwest,2026-03-25
CUST101093,35,31777.69,541,Student,Midwest,2026-05-17
CUST101094,27,49464.1,619,Full-time,Southwest,2025-03-02
CUST101095,46,63427.94,677,Full-time,Northeast,2026-08-06
CUST101096,49,62691.43,676,Full-time,West,2024-05-19
CUST101097,38,27466.83,746,Self-employed,Midwest,2025-01-03
CUST101098,43,62900.57,797,Full-time,Midwest,2024-12-01
CUST101099,46,39346.48,773,Student,Southeast,2025-06-04
CUST101100,45,34680.45,728,Full-time,Northeast,2025-02-17
CUST101101,40,29177.99,648,Self-employed,Southwest,2024-05-07
CUST101102,39,31195.49,613,Self-employed,Southeast,2026-08-09
CUST101103,39,87907.57,661,Full-time,West,2026-01-10
CUST101104,23,46089.24,703,Self-employed,Southwest,2024-12-15
CUST101105,41,43415.65,721,Full-time,Midwest,2026-04-28
CUST101106,20,35667.28,706,Self-employed,Northeast,2026-01-12
CUST101107,26,120654.98,650,Self-employed,Midwest,2026-07-24
CUST101108,47,72204.29,719,Part-time,West,2026-06-27
CUST101109,42,29013.66,754,Full-time,Midwest,2025-07-23
CUST101110,48,35485.28,726,Student,Southwest,2025-01-16
CUST101111,31,36446.11,657,Student,Northeast,2026-05-18
CUST101112,22,42857.78,597,Part-time,Midwest,2024-04-11
CUST101113,31,29273.8,595,Student,Southwest,2024-10-08
CUST101114,35,48896.81,608,Full-time,Midwest,2025-01-14
CUST101115,34,77144.82,679,Full-time,West,2026-06-12
CUST101116,45,22222.65,698,Full-time,Midwest,2025-05-19
CUST101117,30,24157.11,553,Full-time,West,2024-06-03
CUST101118,37,32292.12,622,Full-time,Southwest,2026-01-18
CUST101119,24,32972.92,678,Part-time,West,2025-04-30
CUST101120,38,98647.65,592,Full-time,Midwest,2025-04-10
CUST101121,34,62992.39,692,Full-time,Midwest,2024-12-16
CUST101122,26,61386.49,636,Self-employed,Southeast,2024-06-05
CUST101123,31,35633.28,605,Self-employed,Southwest,2026-04-22
CUST101124,32,35283.09,663,Student,West,2026-06-20
CUST101125,31,20883.87,689,Full-time,Northeast,2026-05-28
CUST101126,51,57055.69,596,Self-employed,West,2025-12-24
CUST101127,33,50059.85,641,Full-time,West,2025-10-10
CUST101128,31,71589.15,695,Full-time,Southwest,2024-07-10
CUST101129,18,36502.16,602,Self-employed,Midwest,2025-05-18
CUST101130,25,37654.19,535,Full-time,West,2024-11-03
CUST101131,31,43326.53,544,Self-employed,Southeast,2025-03-31
CUST101132,27,59955.26,628,Full-time,Southwest,2024-05-07
CUST101133,47,20710.64,561,Full-time,West,2025-10-31
CUST101134,32,55894.72,633,Full-time,West,2025-01-08
CUST101135,46,39766.38,784,Full-time,Midwest,2025-12-19
CUST101136,34,24924.67,556,Full-time,Southeast,2026-01-22
CUST101137,34,15708.03,638,Full-time,West,2024-04-12
CUST101138,33,37744.19,819,Full-time,Southwest,2026-07-24
CUST101139,34,76993.08,690,Self-employed,Southwest,2025-12-19
CUST101140,51,85272.57,632,Full-time,Southwest,2025-09-12
CUST101141,18,47094.87,648,Part-time,West,2026-04-16
CUST101142,18,97042.33,692,Part-time,Midwest,2024-10-11
CUST101143,28,39366.74,787,Full-time,Midwest,2025-10-05
CUST101144,34,61635.09,620,Full-time,West,2025-07-10
CUST101145,40,32759.43,603,Part-time,Midwest,2025-11-22
CUST101146,38,31838.47,556,Unemployed,Southeast,2024-06-29
CUST101147,30,29587.9,667,Full-time,Southwest,2025-08-12
CUST101148,44,15879.15,554,Self-employed,Southeast,2024-09-28
CUST101149,44,71624.43,625,Full-time,Northeast,2025-02-17
CUST101150,35,30069.46,591,Full-time,Southeast,2024-05-04
CUST101151,43,27983.0,740,Full-time,Northeast,2025-03-07
CUST101152,36,23600.25,621,Full-time,West,2024-04-08
CUST101153,28,36608.59,689,Full-time,West,2024-12-14
CUST101154,40,88749.36,539,Full-time,Southeast,2026-06-23
CUST101155,35,102970.77,669,Full-time,West,2026-03-30
CUST101156,34,19007.9,569,Part-time,Southwest,2024-09-25
CUST101157,48,34217.7,628,Full-time,West,2026-07-05
CUST101158,18,25198.48,825,Self-employed,Northeast,2026-03-01
CUST101159,19,62614.49,729,Unemployed,Northeast,2024-09-24
CUST101160,22,45659.51,650,Full-time,West,2025-10-09
CUST101161,30,30138.05,850,Full-time,Southeast,2026-02-06
CUST101162,31,41467.19,591,Full-time,Midwest,2026-02-22
CUST101163,18,32375.64,747,Unemployed,West,2025-11-12
CUST101164,24,82984.63,545,Full-time,Southeast,2024-08-15
CUST101165,25,51335.19,641,Full-time,Northeast,2025-07-13
CUST101166,58,54253.38,558,Student,Southwest,2024-05-06
CUST101167,52,15000.0,679,Full-time,Midwest,2024-11-28
CUST101168,29,38946.54,664,Full-time,Northeast,2025-12-23
CUST101169,30,102482.25,636,Unemployed,Southeast,2026-03-24
CUST101170,22,72893.74,741,Student,Midwest,2024-05-14
CUST101171,18,17479.95,617,Full-time,West,2024-06-19
CUST101172,32,34855.23,684,Full-time,Southeast,2026-04-29
CUST101173,24,23372.52,721,Full-time,Midwest,2025-11-07
CUST101174,33,86681.49,548,Full-time,Northeast,2024-11-05
CUST101175,18,44798.29,603,Full-time,Southeast,2024-04-11
CUST101176,26,28409.87,664,Full-time,Southeast,2024-06-18
CUST101177,35,40756.52,707,Part-time,Midwest,2025-12-08
CUST101178,37,15000.0,766,Self-employed,Southwest,2024-06-24
CUST101179,38,24631.16,643,Student,Northeast,2024-11-20
CUST101180,20,40798.46,636,Self-employed,Northeast,2025-07-07
CUST101181,42,58721.07,594,Full-time,Southwest,2025-09-20
CUST101182,25,16754.27,684,Full-time,Southeast,2024-09-05
CUST101183,40,33808.93,637,Full-time,Southwest,2024-08-16
CUST101184,33,63218.9,639,Full-time,Northeast,2024-06-09
CUST101185,20,20886.24,652,Full-time,Southwest,2025-07-07
CUST101186,30,44495.01,701,Self-employed,West,2025-12-24
CUST101187,37,41344.25,617,Full-time,Midwest,2024-07-17
CUST101188,40,86809.48,602,Full-time,Midwest,2025-11-23
CUST101189,32,36186.4,692,Full-time,Southeast,2024-10-27
CUST101190,49,37152.25,433,Student,Southeast,2025-05-27
CUST101191,44,58966.92,614,Part-time,Northeast,2025-03-22
CUST101192,31,22095.81,573,Full-time,Midwest,2026-02-12
CUST101193,41,36337.39,750,Full-time,West,2026-01-08
CUST101194,53,32693.24,626,Unemployed,Northeast,2025-01-23
CUST101195,53,37702.8,617,Full-time,Midwest,2025-12-30
CUST101196,21,58793.28,656,Part-time,West,2025-01-08
CUST101197,24,51501.83,615,Self-employed,Midwest,2024-04-03
CUST101198,48,28655.28,629,Self-employed,Southwest,2026-06-03
CUST101199,23,42681.24,667,Full-time,Southeast,2024-05-30
CUST101200,20,78487.82,628,Unemployed,Southwest,2026-03-17
CUST101201,29,27608.68,627,Full-time,West,2026-04-15
CUST101202,38,42844.18,584,Full-time,Midwest,2024-08-18
CUST101203,32,36793.54,573,Full-time,Southwest,2026-02-17
CUST101204,27,39012.9,664,Full-time,Southwest,2025-01-27
CUST101205,27,19268.06,682,Full-time,Northeast,2026-05-13
CUST101206,26,75723.46,552,Self-employed,Northeast,2026-05-30
CUST101207,25,28326.18,716,Unemployed,Southwest,2026-02-19
CUST101208,56,63686.79,717,Full-time,Southeast,2025-05-18
CUST101209,36,30344.8,733,Self-employed,Midwest,2025-12-04
CUST101210,42,30288.49,682,Student,Midwest,2026-01-31
CUST101211,29,69279.58,707,Full-time,Southwest,2024-08-15
CUST101212,32,62770.98,823,Self-employed,West,2026-03-15
CUST101213,26,44086.09,637,Student,West,2026-05-23
CUST101214,18,56529.49,581,Self-employed,Northeast,2026-05-10
CUST101215,20,35247.55,544,Full-time,Southwest,2024-07-07
CUST101216,18,39984.0,791,Unemployed,Southwest,2025-06-26
CUST101217,18,29800.16,792,Self-employed,West,2024-04-20
CUST101218,22,60284.44,590,Full-time,Midwest,2024-09-10
CUST101219,47,29376.9,605,Full-time,Midwest,2025-12-11
CUST101220,33,78301.37,635,Full-time,Midwest,2024-09-25
CUST101221,46,34817.47,751,Full-time,Southeast,2025-07-13
CUST101222,38,40506.95,563,Full-time,Southeast,2025-04-13
CUST101223,41,56467.9,512,Full-time,Southwest,2025-05-10
CUST101224,24,40568.17,822,Self-employed,Northeast,2024-10-23
CUST101225,39,35099.47,683,Self-employed,Southwest,2026-02-16
CUST101226,41,39596.24,694,Full-time,West,2026-06-23
CUST101227,28,60007.11,644,Full-time,Southeast,2024-11-15
CUST101228,39,29783.7,694,Full-time,Southeast,2024-05-06
CUST101229,39,37918.46,546,Full-time,Midwest,2025-03-27
CUST101230,28,40321.05,596,Part-time,West,2026-05-03
CUST101231,22,59222.89,667,Full-time,Northeast,2026-05-08
CUST101232,22,38371.47,489,Student,Midwest,2025-04-27
CUST101233,34,90556.98,637,Full-time,Southeast,2024-06-25
CUST101234,37,37404.92,632,Full-time,West,2025-02-25
CUST101235,26,36063.71,637,Unemployed,West,2025-11-24
CUST101236,34,37161.76,618,Full-time,Northeast,2025-02-19
CUST101237,39,22192.54,585,Full-time,Northeast,2026-03-31
CUST101238,40,25171.63,523,Full-time,Northeast,2025-06-23
CUST101239,49,31609.09,670,Part-time,West,2024-04-11
CUST101240,46,66911.32,637,Full-time,West,2025-02-12
CUST101241,23,39541.0,556,Self-employed,Southeast,2026-05-16
CUST101242,50,32270.54,664,Part-time,Northeast,2026-02-19
CUST101243,28,69698.96,637,Unemployed,Southwest,2026-06-23
CUST101244,44,80662.55,625,Part-time,West,2025-08-29
CUST101245,34,70609.65,498,Self-employed,West,2026-01-19
CUST101246,29,27340.09,711,Part-time,Midwest,2024-04-13
CUST101247,18,32116.92,567,Full-time,Southwest,2025-11-09
CUST101248,32,90778.82,664,Part-time,West,2026-07-14
CUST101249,18,44735.06,599,Part-time,West,2025-08-01
CUST101250,43,35581.03,630,Full-time,Midwest,2024-11-10
CUST101251,49,55451.09,746,Part-time,Southeast,2024-12-25
CUST101252,26,63151.04,699,Full-time,Southeast,2024-04-16
CUST101253,37,31034.28,744,Full-time,Southeast,2025-09-29
CUST101254,26,44300.36,684,Full-time,West,2025-05-16
CUST101255,27,60897.78,689,Full-time,Southwest,2025-04-14
CUST101256,41,23810.23,526,Full-time,West,2026-07-24
CUST101257,33,40358.43,636,Full-time,Southwest,2026-08-08
CUST101258,51,24307.12,643,Full-time,Midwest,2024-09-20
CUST101259,29,25780.89,751,Full-time,Southwest,2025-09-13
CUST101260,43,31151.1,622,Part-time,Southwest,2024-12-23
CUST101261,34,49746.92,679,Full-time,Southwest,2024-05-13
CUST101262,41,34720.65,676,Student,Southeast,2026-01-13
CUST101263,29,29977.78,746,Self-employed,Southeast,2024-10-08
CUST101264,33,41076.83,649,Full-time,Northeast,2026-02-09
CUST101265,32,23953.43,722,Full-time,Southeast,2024-11-07
CUST101266,25,48676.98,532,Full-time,West,2026-03-27
CUST101267,40,66777.67,538,Full-time,West,2025-11-22
CUST101268,40,38729.55,488,Full-time,Northeast,2025-06-30
CUST101269,39,36636.78,718,Part-time,Midwest,2025-06-15
CUST101270,49,47479.26,710,Part-time,West,2026-07-18
CUST101271,48,16109.89,727,Full-time,Southwest,2024-08-09
CUST101272,30,51101.43,609,Self-employed,Southwest,2026-08-08
CUST101273,37,162080.53,617,Full-time,Midwest,2024-07-09
CUST101274,27,37979.27,650,Self-employed,Southeast,2026-02-15
CUST101275,34,38040.01,768,Student,West,2024-12-03
CUST101276,28,56084.97,787,Full-time,Northeast,2024-12-02
CUST101277,50,84153.66,719,Self-employed,West,2025-07-12
CUST101278,37,62238.9,684,Self-employed,West,2025-05-03
CUST101279,31,15214.08,760,Full-time,Southeast,2026-06-11
CUST101280,45,51716.36,640,Full-time,Midwest,2024-06-21
CUST101281,18,127691.0,630,Self-employed,West,2026-05-02
CUST101282,18,53108.83,650,Full-time,Midwest,2025-01-18
CUST101283,41,23871.23,586,Full-time,Southeast,2026-08-13
CUST101284,34,45561.73,646,Part-time,Northeast,2024-11-03
CUST101285,36,22554.52,576,Full-time,Midwest,2025-10-05
CUST101286,20,69895.86,736,Full-time,Southeast,2025-06-20
CUST101287,33,26104.23,700,Student,West,2026-07-24
CUST101288,54,41498.38,767,Full-time,West,2026-02-04
CUST101289,42,27282.45,537,Full-time,Southeast,2025-07-31
CUST101290,35,31385.41,802,Part-time,Southeast,2024-11-27
CUST101291,29,78336.41,542,Full-time,Southeast,2025-03-12
CUST101292,30,42047.52,570,Self-employed,Midwest,2025-12-30
CUST101293,18,31205.79,613,Part-time,Southwest,2025-03-13
CUST101294,36,23972.14,758,Full-time,Northeast,2026-01-31
CUST101295,42,17287.42,676,Full-time,West,2025-04-17
CUST101296,18,22854.97,641,Student,Southwest,2025-04-30
CUST101297,27,42208.7,600,Unemployed,Northeast,2026-01-29
CUST101298,22,62386.56,556,Full-time,Southeast,2026-02-20
CUST101299,24,31189.66,744,Full-time,Southwest,2025-05-19
CUST101300,34,81368.59,719,Full-time,Midwest,2025-03-21
CUST101301,18,29060.2,761,Unemployed,Midwest,2024-04-13
CUST101302,40,36058.39,689,Self-employed,Northeast,2025-06-08
CUST101303,41,24690.91,461,Full-time,Midwest,2025-07-23
CUST101304,31,62682.83,566,Unemployed,Southwest,2025-06-26
CUST101305,18,103143.84,694,Full-time,Southwest,2024-07-14
CUST101306,24,18163.74,632,Full-time,Midwest,2025-11-19
CUST101307,46,34345.53,618,Part-time,Midwest,2025-09-16
CUST101308,18,70908.88,577,Full-time,Southeast,2025-09-27
CUST101309,30,20928.65,731,Part-time,Southwest,2025-02-17
CUST101310,22,51792.87,694,Full-time,Southwest,2024-12-13
CUST101311,42,69540.35,697,Self-employed,Southwest,2025-06-20
CUST101312,27,41572.87,612,Student,Southwest,2025-12-27
CUST101313,38,51411.56,673,Full-time,West,2024-12-22
CUST101314,39,88645.99,559,Full-time,West,2025-12-17
CUST101315,52,96451.15,650,Self-employed,West,2024-06-24
CUST101316,31,39031.13,470,Full-time,Southeast,2025-02-16
CUST101317,37,31584.76,542,Self-employed,Northeast,2025-07-26
CUST101318,19,26529.4,635,Part-time,Northeast,2026-01-23
CUST101319,45,62294.84,838,Full-time,Southwest,2024-10-24
CUST101320,26,21648.71,524,Unemployed,West,2025-03-01
CUST101321,28,35822.87,566,Full-time,Southwest,2024-07-07
CUST101322,33,42033.0,676,Full-time,Southwest,2024-12-07
CUST101323,18,32005.05,792,Full-time,Northeast,2024-09-26
CUST101324,36,45520.55,675,Self-employed,Midwest,2026-05-25
CUST101325,43,127265.53,712,Student,Southwest,2026-07-23
CUST101326,36,37997.69,634,Full-time,Northeast,2025-01-18
CUST101327,18,32993.55,621,Full-time,Southwest,2026-08-13
CUST101328,32,63379.73,666,Full-time,Southeast,2024-06-29
CUST101329,41,44703.75,610,Part-time,Northeast,2024-07-06
CUST101330,18,76703.38,714,Full-time,Southwest,2025-03-23
CUST101331,23,43222.2,539,Full-time,Midwest,2024-11-17
CUST101332,42,35889.84,726,Full-time,Midwest,2025-08-11
CUST101333,36,17985.55,662,Full-time,Midwest,2024-05-02
CUST101334,38,19363.0,643,Part-time,Southwest,2026-07-13
CUST101335,52,17569.78,536,Full-time,Midwest,2025-12-02
CUST101336,38,47605.45,586,Full-time,West,2024-12-14
CUST101337,40,21741.71,749,Full-time,West,2024-09-27
CUST101338,61,70615.84,644,Full-time,Midwest,2026-01-15
CUST101339,31,40684.85,680,Full-time,Northeast,2024-09-15
CUST101340,26,35958.32,594,Full-time,Southeast,2025-07-09
CUST101341,38,27453.95,657,Full-time,Southwest,2024-07-29
CUST101342,38,53104.47,557,Full-time,Southeast,2025-12-24
CUST101343,28,27944.51,667,Full-time,Southwest,2024-12-19
CUST101344,23,25760.04,687,Part-time,Southwest,2026-02-14
CUST101345,57,68511.54,684,Full-time,Midwest,2026-04-15
CUST101346,37,47078.87,592,Full-time,Northeast,2024-12-08
CUST101347,26,36108.43,634,Part-time,Midwest,2024-12-29
CUST101348,43,53564.66,700,Full-time,Southwest,2025-12-01
CUST101349,32,40296.48,644,Full-time,Northeast,2025-03-06
CUST101350,31,47684.23,638,Self-employed,West,2024-05-16
CUST101351,39,27789.64,802,Full-time,Northeast,2025-10-27
CUST101352,21,101893.09,588,Unemployed,Midwest,2025-06-03
CUST101353,37,30920.39,741,Full-time,Midwest,2026-02-13
CUST101354,53,80838.4,573,Unemployed,Southwest,2025-05-20
CUST101355,38,36864.67,709,Self-employed,Southeast,2024-07-04
CUST101356,30,57710.46,713,Full-time,Southeast,2025-02-06
CUST101357,28,55848.65,621,Full-time,West,2026-04-12
CUST101358,29,67244.01,568,Part-time,Southeast,2024-11-07
CUST101359,31,27493.9,512,Full-time,Southwest,2025-08-11
CUST101360,30,65123.19,613,Full-time,Southeast,2026-07-29
CUST101361,43,92124.66,699,Student,Northeast,2025-02-18
CUST101362,18,35724.36,579,Self-employed,Midwest,2025-11-26
CUST101363,42,40766.57,667,Student,Southeast,2024-04-20
CUST101364,30,31711.95,549,Self-employed,Southeast,2024-03-31
CUST101365,37,34341.29,642,Self-employed,West,2025-01-07
CUST101366,22,86694.03,573,Self-employed,Southwest,2025-02-10
CUST101367,47,25542.38,654,Part-time,Southeast,2025-11-21
CUST101368,46,26266.42,622,Unemployed,Midwest,2026-06-13
CUST101369,43,82859.81,570,Part-time,Southwest,2026-06-22
CUST101370,18,53159.22,610,Full-time,Northeast,2025-07-06
CUST101371,42,104210.34,589,Part-time,Northeast,2025-11-10
CUST101372,38,32771.11,561,Full-time,Midwest,2024-04-30
CUST101373,18,42481.61,741,Student,West,2025-12-02
CUST101374,33,29812.87,632,Part-time,West,2026-02-08
CUST101375,37,42808.22,494,Part-time,Midwest,2024-08-31
CUST101376,39,18063.64,613,Full-time,Southwest,2024-08-16
CUST101377,35,54624.05,728,Full-time,Midwest,2025-09-20
CUST101378,36,46423.61,602,Full-time,West,2026-06-03
CUST101379,48,39108.71,772,Part-time,Midwest,2026-05-20
CUST101380,46,33669.11,595,Part-time,West,2025-05-17
CUST101381,18,26832.27,697,Full-time,Southeast,2024-07-18
CUST101382,30,55685.26,737,Full-time,West,2025-09-11
CUST101383,32,23694.77,693,Full-time,Southwest,2026-07-29
CUST101384,18,50531.55,556,Full-time,Southwest,2025-09-21
CUST101385,34,102079.08,589,Unemployed,Northeast,2026-08-11
CUST101386,46,78314.24,747,Unemployed,West,2025-08-10
CUST101387,23,20387.81,599,Self-employed,Northeast,2025-06-26
CUST101388,37,31522.85,733,Full-time,West,2024-11-16
CUST101389,24,48516.19,627,Full-time,Northeast,2026-06-14
CUST101390,27,38885.36,670,Student,West,2025-06-21
CUST101391,48,21381.2,556,Student,Southwest,2026-03-12
CUST101392,28,47733.66,614,Full-time,Southeast,2025-07-04
CUST101393,38,39954.33,594,Part-time,West,2024-04-08
CUST101394,18,94982.36,676,Full-time,Southeast,2024-11-07
CUST101395,52,35812.31,666,Full-time,Northeast,2024-08-09
CUST101396,40,67887.11,694,Student,Northeast,2026-07-11
CUST101397,32,22692.96,623,Student,West,2024-10-18
CUST101398,39,25270.57,590,Student,Southeast,2024-07-21
CUST101399,19,55533.84,673,Full-time,West,2025-01-07
CUST101400,45,65360.86,582,Full-time,Northeast,2024-10-02
CUST101401,30,26086.5,740,Unemployed,Northeast,2026-07-03
CUST101402,31,40572.06,651,Part-time,West,2024-11-09
CUST101403,29,21553.41,635,Full-time,Northeast,2024-08-16
CUST101404,28,36991.78,694,Full-time,Southwest,2026-01-25
CUST101405,40,58490.24,654,Full-time,Southeast,2025-06-30
CUST101406,36,33000.19,535,Part-time,Midwest,2025-08-11
CUST101407,40,35879.97,580,Unemployed,Northeast,2026-05-20
CUST101408,33,24139.19,739,Full-time,Southeast,2026-04-24
CUST101409,39,29978.59,666,Full-time,Southwest,2025-11-25
CUST101410,29,88534.71,533,Full-time,Midwest,2026-05-10
CUST101411,56,41473.76,686,Part-time,Midwest,2025-06-03
CUST101412,18,25564.54,618,Full-time,West,2026-06-26
CUST101413,46,34834.12,594,Full-time,Midwest,2026-08-02
CUST101414,47,19558.35,574,Self-employed,West,2025-02-12
CUST101415,25,25428.56,734,Full-time,Southwest,2026-01-06
CUST101416,56,74024.61,512,Part-time,Midwest,2025-09-19
CUST101417,43,37642.27,597,Part-time,Southeast,2025-10-25
CUST101418,43,93979.18,669,Full-time,Southeast,2025-07-01
CUST101419,34,38449.21,778,Part-time,West,2025-07-06
CUST101420,31,39490.27,701,Part-time,Southeast,2026-04-20
CUST101421,31,53551.68,596,Part-time,Southwest,2026-08-12
CUST101422,37,15000.0,774,Part-time,Northeast,2025-07-24
CUST101423,48,44012.22,558,Full-time,Southeast,2025-04-09
CUST101424,35,39259.79,679,Full-time,West,2024-10-14
CUST101425,24,78332.47,696,Full-time,Midwest,2026-02-23
CUST101426,42,61951.41,593,Full-time,West,2026-06-02
CUST101427,43,24096.91,712,Full-time,Southeast,2025-03-12
CUST101428,40,70190.09,621,Full-time,Southwest,2024-06-19
CUST101429,41,35666.19,712,Self-employed,West,2026-01-17
CUST101430,31,26715.42,522,Full-time,West,2026-05-31
CUST101431,24,43857.3,685,Unemployed,Midwest,2025-08-28
CUST101432,25,36634.8,629,Part-time,Southwest,2025-04-13
CUST101433,18,80202.45,746,Full-time,West,2025-02-17
CUST101434,36,46783.22,656,Part-time,West,2026-05-07
CUST101435,33,44026.48,753,Full-time,West,2025-01-19
CUST101436,29,60191.79,698,Student,Northeast,2025-10-19
CUST101437,18,65630.27,650,Student,Midwest,2026-07-18
CUST101438,21,57103.59,719,Self-employed,Southwest,2024-06-02
CUST101439,45,76020.52,719,Part-time,Southwest,2025-05-05
CUST101440,27,52781.03,695,Unemployed,Northeast,2025-11-21
CUST101441,37,43279.88,488,Part-time,Midwest,2024-09-02
CUST101442,20,70096.45,586,Unemployed,Northeast,2024-09-19
CUST101443,48,38526.31,763,Full-time,Northeast,2026-02-15
CUST101444,32,40739.81,565,Unemployed,Northeast,2024-04-30
CUST101445,36,87091.07,726,Part-time,West,2025-05-08
CUST101446,57,83271.85,712,Full-time,Southeast,2025-12-28
CUST101447,49,39987.45,605,Student,Midwest,2025-07-20
CUST101448,30,32725.24,510,Part-time,Southeast,2026-03-03
CUST101449,28,77530.61,617,Unemployed,West,2024-08-04
CUST101450,30,57537.27,815,Full-time,West,2025-12-23
CUST101451,39,46259.01,595,Part-time,Southwest,2025-07-28
CUST101452,32,34722.99,600,Self-employed,West,2026-06-15
CUST101453,30,46595.7,585,Full-time,Northeast,2024-05-14
CUST101454,48,39744.68,751,Self-employed,West,2025-11-23
CUST101455,32,29763.79,641,Part-time,Midwest,2025-01-23
CUST101456,56,42534.43,613,Full-time,Midwest,2025-10-10
CUST101457,34,45226.61,766,Part-time,Northeast,2025-04-12
CUST101458,51,33896.68,703,Full-time,West,2025-04-13
CUST101459,37,60277.94,591,Self-employed,Northeast,2025-12-03
CUST101460,43,71680.54,568,Unemployed,West,2025-08-03
CUST101461,26,62097.06,746,Full-time,Southwest,2025-03-13
CUST101462,25,35443.25,661,Full-time,Southwest,2026-02-05
CUST101463,38,56394.09,543,Full-time,Northeast,2026-04-21
CUST101464,43,41567.86,526,Full-time,Southwest,2026-03-11
CUST101465,34,23015.3,576,Unemployed,West,2025-08-16
CUST101466,21,54324.37,567,Full-time,Southeast,2026-02-08
CUST101467,20,42862.78,506,Full-time,Midwest,2025-12-09
CUST101468,19,128939.24,577,Full-time,Northeast,2024-12-25
CUST101469,18,77324.95,591,Part-time,Midwest,2025-01-07
CUST101470,35,55271.77,625,Self-employed,Southwest,2024-05-15
CUST101471,45,44897.02,786,Full-time,Southeast,2024-10-18
CUST101472,33,43203.42,639,Full-time,Southwest,2025-08-09
CUST101473,18,25548.65,647,Full-time,Northeast,2024-05-28
CUST101474,32,18351.3,698,Full-time,Southwest,2024-06-03
CUST101475,32,27101.61,642,Full-time,Midwest,2026-02-01
CUST101476,54,39282.22,690,Self-employed,Southeast,2026-03-17
CUST101477,19,15560.76,681,Full-time,Southeast,2024-07-05
CUST101478,30,31415.45,669,Full-time,Southeast,2024-06-30
CUST101479,51,35902.93,850,Part-time,Southwest,2024-08-08
CUST101480,38,36426.73,728,Self-employed,Southwest,2025-07-09
CUST101481,39,29798.83,578,Full-time,Midwest,2024-07-24
CUST101482,35,34417.44,687,Full-time,Northeast,2024-10-13
CUST101483,37,87181.92,600,Self-employed,Southeast,2024-11-07
CUST101484,41,54066.25,693,Full-time,West,2025-03-08
CUST101485,25,31190.37,556,Self-employed,Midwest,2025-12-24
CUST101486,42,38919.22,576,Self-employed,Midwest,2024-11-01
CUST101487,20,39626.72,685,Unemployed,Southeast,2024-07-11
CUST101488,37,28407.83,734,Full-time,West,2024-07-05
CUST101489,35,28392.82,697,Full-time,Southeast,2025-03-10
CUST101490,27,63242.75,724,Unemployed,Southwest,2026-07-10
CUST101491,33,33226.3,688,Full-time,Southwest,2024-11-07
CUST101492,27,24523.49,672,Full-time,Southeast,2026-01-05
CUST101493,23,39363.21,622,Part-time,Northeast,2026-02-16
CUST101494,30,42323.78,720,Full-time,Southeast,2026-06-06
CUST101495,22,16519.27,736,Part-time,Southeast,2026-03-30
CUST101496,37,39405.64,655,Student,Southwest,2025-06-13
CUST101497,22,59313.43,651,Part-time,Midwest,2025-12-16
CUST101498,41,49170.7,779,Full-time,Midwest,2025-09-15
CUST101499,22,109470.22,658,Student,Midwest,2025-05-26
CUST101500,28,70474.01,665,Part-time,West,2025-05-12
CUST101501,27,77035.4,696,Full-time,West,2025-08-16
CUST101502,47,141497.69,652,Part-time,Northeast,2025-07-15
CUST101503,37,56453.37,598,Full-time,West,2024-07-02
CUST101504,31,43190.75,688,Full-time,Southeast,2025-12-10
CUST101505,38,62204.53,657,Part-time,Southwest,2026-08-02
CUST101506,18,31205.31,798,Full-time,West,2024-09-16
CUST101507,33,42127.62,719,Full-time,Midwest,2026-06-05
CUST101508,53,29987.1,615,Part-time,Southwest,2024-10-09
CUST101509,35,48006.56,714,Full-time,Midwest,2025-11-03
CUST101510,34,29930.73,683,Full-time,Northeast,2024-08-11
CUST101511,39,29462.75,758,Full-time,Northeast,2026-03-21
CUST101512,42,48342.34,620,Part-time,Southeast,2026-03-23
CUST101513,18,37723.17,674,Unemployed,West,2025-08-25
CUST101514,18,16858.59,652,Full-time,Southeast,2025-08-14
CUST101515,36,20847.71,664,Self-employed,Midwest,2024-11-27
CUST101516,26,23950.16,593,Full-time,Midwest,2025-01-27
CUST101517,47,26974.92,703,Full-time,Southeast,2024-04-01
CUST101518,30,48363.01,691,Full-time,Midwest,2025-01-01
CUST101519,18,44290.37,756,Full-time,Southwest,2026-02-19
CUST101520,21,64820.4,659,Full-time,West,2026-05-28
CUST101521,18,56317.51,629,Self-employed,Southwest,2025-12-25
CUST101522,31,65013.9,719,Self-employed,West,2024-04-10
CUST101523,32,52774.23,600,Student,Midwest,2024-10-14
CUST101524,29,44106.2,741,Student,Southwest,2024-11-07
CUST101525,44,65821.93,741,Full-time,Northeast,2025-12-20
CUST101526,45,60702.23,754,Full-time,Northeast,2025-07-02
CUST101527,32,47536.02,688,Full-time,West,2024-12-09
CUST101528,18,71109.94,623,Full-time,Southwest,2024-05-12
CUST101529,40,15000.0,668,Unemployed,Northeast,2025-03-24
CUST101530,39,35217.26,688,Full-time,Midwest,2026-07-26
CUST101531,37,34975.19,617,Full-time,West,2024-07-31
CUST101532,43,67420.69,759,Full-time,Northeast,2024-05-23
CUST101533,22,81399.77,703,Unemployed,Midwest,2026-07-15
CUST101534,54,20898.22,593,Full-time,West,2025-09-06
CUST101535,24,75737.24,801,Self-employed,West,2024-04-13
CUST101536,41,23690.98,667,Full-time,Southeast,2024-05-06
CUST101537,18,24015.46,577,Full-time,West,2024-04-27
CUST101538,24,36118.9,597,Full-time,Southwest,2024-04-17
CUST101539,49,34780.32,771,Self-employed,Midwest,2026-07-25
CUST101540,31,19904.72,796,Self-employed,Southwest,2026-04-04
CUST101541,42,53768.61,735,Full-time,West,2025-06-05
CUST101542,36,54487.74,758,Full-time,Southeast,2025-03-07
CUST101543,32,64493.44,751,Full-time,Northeast,2025-08-29
CUST101544,47,33022.52,701,Full-time,Southwest,2025-12-23
CUST101545,31,39426.28,684,Full-time,Northeast,2026-01-04
CUST101546,18,39589.05,700,Full-time,Southwest,2025-03-07
CUST101547,25,85784.87,715,Part-time,Southeast,2024-04-15
CUST101548,39,15000.0,604,Self-employed,Southwest,2024-08-25
CUST101549,37,26091.77,714,Self-employed,Southwest,2026-03-15
CUST101550,18,40235.03,769,Self-employed,Northeast,2026-04-07
CUST101551,26,24624.41,644,Student,Northeast,2025-12-27
CUST101552,28,35730.35,636,Student,Southwest,2024-11-14
CUST101553,30,37921.22,695,Full-time,Midwest,2026-08-06
CUST101554,20,29853.02,611,Full-time,Northeast,2024-12-09
CUST101555,27,41316.24,561,Full-time,West,2025-03-27
CUST101556,26,53245.43,746,Unemployed,Southeast,2025-01-16
CUST101557,41,36086.72,626,Full-time,West,2024-07-26
CUST101558,42,32730.49,661,Full-time,Northeast,2025-03-17
CUST101559,32,37249.95,614,Full-time,Southeast,2025-02-18
CUST101560,30,40000.76,755,Part-time,Midwest,2025-06-22
CUST101561,35,18340.3,723,Part-time,Midwest,2025-01-24
CUST101562,25,49399.68,641,Self-employed,Southwest,2025-09-17
CUST101563,22,32762.81,571,Part-time,Northeast,2026-06-17
CUST101564,24,70805.42,633,Unemployed,Southeast,2026-07-23
CUST101565,27,52363.97,702,Full-time,Southeast,2024-11-30
CUST101566,22,67950.17,674,Unemployed,Midwest,2025-02-05
CUST101567,35,25464.7,668,Part-time,West,2025-08-23
CUST101568,41,33957.87,675,Full-time,Midwest,2024-11-02
CUST101569,18,22945.88,716,Student,West,2025-06-27
CUST101570,34,29221.62,656,Student,Southeast,2026-01-04
CUST101571,31,70505.6,693,Self-employed,Southeast,2025-03-23
CUST101572,37,78383.66,585,Unemployed,Northeast,2025-09-19
CUST101573,33,23940.81,850,Full-time,Southeast,2024-04-17
CUST101574,19,32655.71,638,Full-time,Southeast,2024-11-24
CUST101575,21,38782.02,675,Full-time,Southeast,2024-11-01
CUST101576,34,52235.76,702,Unemployed,Southwest,2024-12-23
CUST101577,44,18180.15,629,Self-employed,Midwest,2024-12-26
CUST101578,18,19509.37,660,Student,Southwest,2024-10-10
CUST101579,37,50027.68,659,Self-employed,Northeast,2025-08-03
CUST101580,45,16696.14,591,Part-time,West,2024-08-29
CUST101581,32,32824.85,692,Full-time,Northeast,2026-07-15
CUST101582,39,43171.74,536,Full-time,Northeast,2025-01-11
CUST101583,26,48390.06,791,Full-time,Midwest,2025-05-02
CUST101584,32,37655.22,719,Self-employed,Southwest,2026-08-06
CUST101585,18,34044.01,707,Full-time,Southeast,2025-01-16
CUST101586,18,58691.89,529,Unemployed,Northeast,2026-08-11
CUST101587,43,45631.0,600,Part-time,West,2024-12-09
CUST101588,24,29996.7,764,Full-time,West,2025-05-14
CUST101589,29,40821.95,850,Unemployed,Southwest,2025-03-03
CUST101590,20,47687.57,749,Part-time,Southeast,2025-03-01
CUST101591,19,86960.28,737,Self-employed,Midwest,2025-11-25
CUST101592,32,57173.49,699,Full-time,Southwest,2025-02-18
CUST101593,26,69324.29,596,Full-time,Midwest,2026-02-02
CUST101594,37,30492.21,734,Full-time,Northeast,2024-10-22
CUST101595,38,31701.45,577,Full-time,West,2026-05-27
CUST101596,37,36101.11,569,Self-employed,West,2026-04-12
CUST101597,36,37623.81,564,Student,Northeast,2024-12-10
CUST101598,49,25498.85,733,Unemployed,Southwest,2026-06-24
CUST101599,23,70945.7,655,Full-time,West,2024-04-21
CUST101600,33,59725.14,667,Student,Midwest,2026-07-18
CUST101601,45,34976.96,658,Full-time,Northeast,2025-05-14
CUST101602,46,53571.36,575,Full-time,Southwest,2024-04-09
CUST101603,19,44369.37,609,Self-employed,West,2025-01-05
CUST101604,30,55488.03,613,Unemployed,Southeast,2025-02-09
CUST101605,47,21917.96,554,Student,Northeast,2024-12-19
CUST101606,39,37588.47,622,Self-employed,Southeast,2024-12-07
CUST101607,35,39100.19,578,Full-time,West,2026-03-26
CUST101608,31,53137.54,703,Full-time,Midwest,2025-11-18
CUST101609,30,30248.54,709,Full-time,Northeast,2026-02-28
CUST101610,36,15000.0,562,Part-time,Midwest,2026-02-10
CUST101611,31,24667.33,637,Full-time,West,2026-02-13
CUST101612,33,39047.28,799,Full-time,Northeast,2025-02-05
CUST101613,34,41305.37,586,Full-time,Midwest,2024-05-24
CUST101614,27,85621.07,691,Part-time,Southeast,2025-04-14
CUST101615,39,52168.59,667,Self-employed,Northeast,2026-07-31
CUST101616,63,41634.67,741,Full-time,Midwest,2024-12-19
CUST101617,18,39554.07,682,Full-time,Southwest,2025-04-30
CUST101618,37,65965.19,627,Part-time,Southwest,2024-10-06
CUST101619,26,30774.76,665,Part-time,Northeast,2025-09-19
CUST101620,39,37679.53,666,Full-time,Northeast,2025-08-06
CUST101621,34,24583.58,653,Full-time,Midwest,2025-01-17
CUST101622,41,76001.45,561,Student,Southeast,2024-12-06
CUST101623,45,47888.21,753,Self-employed,Southeast,2026-02-03
CUST101624,35,29190.96,739,Full-time,Midwest,2025-03-21
CUST101625,45,38120.03,581,Part-time,Southwest,2024-04-29
CUST101626,18,50480.52,637,Part-time,Midwest,2026-06-18
CUST101627,49,35852.78,643,Full-time,West,2025-10-29
CUST101628,37,31555.03,573,Full-time,Northeast,2025-05-06
CUST101629,44,29898.9,519,Student,Midwest,2024-05-30
CUST101630,21,46748.29,609,Full-time,Midwest,2024-04-23
CUST101631,25,34162.22,633,Full-time,Southwest,2025-03-19
CUST101632,35,32722.2,551,Self-employed,Midwest,2025-04-25
CUST101633,33,21999.44,673,Full-time,West,2025-08-18
CUST101634,36,41561.86,747,Part-time,West,2025-07-22
CUST101635,44,36991.72,723,Full-time,Southwest,2024-11-13
CUST101636,18,34726.5,650,Full-time,Southeast,2025-04-27
CUST101637,43,43890.22,521,Full-time,Southeast,2025-04-19
CUST101638,34,56196.01,713,Student,Midwest,2024-08-09
CUST101639,31,55033.89,670,Part-time,Midwest,2026-04-15
CUST101640,19,51468.63,691,Self-employed,Northeast,2024-05-02
CUST101641,39,36015.27,805,Full-time,Southeast,2024-12-09
CUST101642,18,31096.51,598,Self-employed,West,2025-03-21
CUST101643,40,25090.33,444,Full-time,Midwest,2025-03-27
CUST101644,19,30732.61,580,Part-time,West,2025-03-30
CUST101645,34,40491.31,696,Full-time,Southeast,2025-04-08
CUST101646,32,28174.46,662,Part-time,West,2025-10-12
CUST101647,45,41907.74,568,Full-time,West,2024-11-09
CUST101648,32,25992.01,553,Full-time,Southeast,2026-01-06
CUST101649,27,19006.83,633,Self-employed,Southwest,2025-01-22
CUST101650,28,58031.01,566,Full-time,West,2025-05-12
CUST101651,46,32419.44,699,Full-time,Southwest,2025-09-29
CUST101652,39,27538.35,629,Unemployed,West,2024-09-13
CUST101653,30,24532.86,612,Full-time,Northeast,2025-11-09
CUST101654,31,48550.81,603,Part-time,Northeast,2025-01-17
CUST101655,18,74511.48,679,Self-employed,Northeast,2026-01-07
CUST101656,37,33477.1,663,Self-employed,Southeast,2026-02-20
CUST101657,18,36424.48,675,Full-time,Southwest,2025-03-31
CUST101658,41,65005.97,673,Part-time,West,2024-04-17
CUST101659,35,17770.58,654,Full-time,Midwest,2025-11-26
CUST101660,57,97254.92,582,Full-time,Midwest,2026-05-06
CUST101661,22,120553.04,605,Self-employed,West,2026-05-01
CUST101662,32,15000.0,630,Student,Midwest,2025-06-12
CUST101663,51,38411.94,814,Full-time,Midwest,2024-10-02
CUST101664,45,29041.29,558,Full-time,Northeast,2024-12-02
CUST101665,27,35626.77,628,Self-employed,Southeast,2026-02-13
CUST101666,36,33247.23,667,Full-time,Southwest,2024-08-17
CUST101667,34,57831.66,637,Self-employed,Southwest,2026-03-23
CUST101668,36,38152.38,740,Full-time,Midwest,2025-04-14
CUST101669,27,26637.94,636,Full-time,Southwest,2024-08-05
CUST101670,33,37142.48,642,Part-time,Southwest,2024-09-10
CUST101671,18,50597.27,721,Student,Northeast,2024-12-11
CUST101672,35,23560.47,795,Full-time,West,2025-10-30
CUST101673,38,19133.48,765,Unemployed,Southwest,2024-10-16
CUST101674,31,98393.92,649,Full-time,Southeast,2025-09-11
CUST101675,18,30058.72,656,Full-time,Southeast,2025-10-13
CUST101676,43,37729.26,663,Full-time,West,2025-05-07
CUST101677,37,33556.71,671,Full-time,Southeast,2025-02-22
CUST101678,26,51361.26,596,Part-time,Northeast,2026-02-13
CUST101679,31,89121.46,730,Full-time,Northeast,2024-05-24
CUST101680,18,52102.61,675,Full-time,Southeast,2024-07-20
CUST101681,23,20266.73,656,Full-time,Southwest,2025-12-11
CUST101682,28,21528.75,564,Self-employed,Midwest,2026-01-15
CUST101683,46,33539.05,664,Student,Southwest,2026-06-15
CUST101684,27,35571.32,518,Full-time,Southeast,2025-08-25
CUST101685,40,18492.53,616,Full-time,Southeast,2026-03-18
CUST101686,28,58029.3,617,Student,Midwest,2024-05-26
CUST101687,36,24616.09,681,Full-time,Southwest,2024-06-24
CUST101688,32,78588.9,800,Self-employed,Midwest,2024-08-23
CUST101689,42,91060.98,702,Part-time,Southwest,2025-12-12
CUST101690,28,35892.58,768,Unemployed,Northeast,2024-12-21
CUST101691,18,48900.25,708,Full-time,Midwest,2025-06-12
CUST101692,20,23054.67,744,Full-time,Midwest,2025-12-19
CUST101693,28,53138.36,799,Full-time,Northeast,2025-05-05
CUST101694,21,32074.4,605,Full-time,Southeast,2026-03-23
CUST101695,38,24605.96,600,Full-time,Southeast,2024-04-30
CUST101696,29,35235.14,710,Student,Midwest,2026-03-24
CUST101697,57,32546.12,659,Full-time,Northeast,2025-11-24
CUST101698,18,34671.67,676,Full-time,Southeast,2026-02-02
CUST101699,36,61534.67,641,Full-time,West,2025-05-17
CUST101700,22,28186.87,615,Full-time,Northeast,2025-01-06
CUST101701,29,87619.63,781,Full-time,West,2024-05-02
CUST101702,35,22108.63,577,Full-time,Midwest,2025-09-09
CUST101703,18,83028.87,711,Self-employed,Northeast,2026-02-19
CUST101704,36,25401.67,699,Self-employed,Midwest,2026-07-26
CUST101705,53,40116.54,541,Full-time,Midwest,2025-03-11
CUST101706,29,32190.02,597,Self-employed,Southeast,2024-04-14
CUST101707,36,34383.16,610,Full-time,Southeast,2026-06-19
CUST101708,44,57561.59,702,Full-time,Southwest,2024-03-30
CUST101709,32,78820.0,632,Student,Northeast,2025-12-28
CUST101710,28,68578.62,653,Unemployed,West,2024-06-14
CUST101711,18,33450.25,550,Full-time,Southeast,2026-06-14
CUST101712,40,43604.47,834,Full-time,Southeast,2024-06-29
CUST101713,32,28227.87,665,Full-time,Northeast,2025-10-30
CUST101714,23,25688.59,697,Full-time,West,2025-12-17
CUST101715,35,23960.56,619,Part-time,Southeast,2026-02-15
CUST101716,28,32961.39,611,Full-time,West,2026-04-19
CUST101717,28,44905.81,803,Unemployed,Southeast,2024-09-18
CUST101718,40,16978.16,516,Self-employed,Northeast,2026-06-14
CUST101719,20,39306.33,680,Full-time,Midwest,2025-07-06
CUST101720,44,79396.64,569,Unemployed,Midwest,2024-05-10
CUST101721,20,66493.53,629,Self-employed,Midwest,2025-08-26
CUST101722,27,30843.06,612,Full-time,West,2024-08-24
CUST101723,53,21405.59,586,Full-time,Midwest,2024-12-19
CUST101724,45,49361.38,662,Unemployed,Southwest,2024-09-21
CUST101725,34,15000.0,467,Student,Southeast,2024-05-11
CUST101726,24,66142.67,636,Full-time,Northeast,2026-05-20
CUST101727,28,36456.89,653,Part-time,Midwest,2025-11-24
CUST101728,34,91499.17,558,Unemployed,Midwest,2025-11-07
CUST101729,34,18450.85,773,Student,Midwest,2026-06-16
CUST101730,33,60667.64,615,Full-time,Southwest,2026-05-13
CUST101731,33,38360.02,642,Full-time,West,2026-05-10
CUST101732,31,34579.88,615,Unemployed,Northeast,2024-05-09
CUST101733,19,21667.54,653,Full-time,Northeast,2024-07-29
CUST101734,28,52474.71,758,Full-time,Southeast,2025-03-20
CUST101735,43,54407.75,845,Part-time,Midwest,2024-08-08
CUST101736,20,89617.65,715,Full-time,Northeast,2025-10-18
CUST101737,32,63172.39,741,Self-employed,Northeast,2025-06-26
CUST101738,25,30722.39,788,Full-time,Midwest,2024-07-06
CUST101739,35,25546.66,678,Self-employed,Southeast,2026-04-07
CUST101740,30,21680.72,777,Full-time,West,2026-04-08
CUST101741,48,77882.06,719,Self-employed,Midwest,2025-05-12
CUST101742,39,28277.5,670,Full-time,West,2026-01-06
CUST101743,20,78127.97,686,Full-time,Southwest,2025-01-09
CUST101744,40,50832.05,523,Student,Midwest,2025-02-06
CUST101745,26,46558.1,681,Self-employed,West,2025-10-28
CUST101746,28,34958.23,544,Full-time,West,2026-05-05
CUST101747,37,54030.44,538,Full-time,Midwest,2026-06-03
CUST101748,29,39856.4,674,Part-time,West,2025-07-24
CUST101749,42,33991.1,576,Student,Southeast,2025-11-06
CUST101750,26,54896.35,659,Full-time,Southeast,2026-07-15
CUST101751,27,37617.04,670,Student,Southwest,2024-12-21
CUST101752,27,28022.12,673,Full-time,Southwest,2024-05-03
CUST101753,28,52571.11,592,Self-employed,Southeast,2024-04-14
CUST101754,44,38995.69,727,Full-time,Southwest,2026-05-03
CUST101755,40,50011.56,653,Full-time,Midwest,2026-03-01
CUST101756,51,32720.7,693,Student,Midwest,2025-08-03
CUST101757,56,23292.7,570,Full-time,West,2024-06-09
CUST101758,23,87621.64,646,Student,Northeast,2025-04-01
CUST101759,34,80497.0,742,Full-time,Midwest,2025-07-12
CUST101760,22,59736.78,732,Full-time,Southeast,2024-05-30
CUST101761,26,33707.82,600,Student,Midwest,2025-01-14
CUST101762,27,35061.43,619,Part-time,Northeast,2024-04-09
CUST101763,23,74760.68,585,Full-time,Northeast,2024-07-23
CUST101764,23,34227.22,610,Part-time,Southwest,2024-03-28
CUST101765,32,30192.53,555,Full-time,Northeast,2025-04-16
CUST101766,21,93200.24,649,Unemployed,Midwest,2025-09-22
CUST101767,42,39282.92,707,Full-time,West,2026-06-21
CUST101768,24,88946.59,601,Full-time,West,2024-11-16
CUST101769,62,21390.96,653,Full-time,Northeast,2025-12-25
CUST101770,29,50674.76,643,Part-time,West,2026-08-04
CUST101771,34,101924.45,739,Student,Southeast,2024-09-14
CUST101772,21,40675.77,614,Self-employed,Northeast,2025-08-10
CUST101773,51,35639.08,616,Full-time,Midwest,2025-04-19
CUST101774,45,23730.39,596,Full-time,Midwest,2024-09-30
CUST101775,36,65320.05,574,Full-time,Southeast,2025-10-31
CUST101776,20,28380.07,699,Unemployed,Midwest,2024-09-02
CUST101777,36,38458.54,649,Full-time,Northeast,2025-03-24
CUST101778,22,23028.18,664,Part-time,Southeast,2025-04-07
CUST101779,48,80870.35,755,Full-time,Northeast,2025-12-23
CUST101780,42,67487.55,759,Student,West,2024-09-26
CUST101781,34,39568.43,536,Full-time,Midwest,2026-01-16
CUST101782,18,23876.09,708,Full-time,Midwest,2025-02-21
CUST101783,24,80110.18,676,Unemployed,Midwest,2024-08-23
CUST101784,40,34041.33,625,Student,West,2026-05-04
CUST101785,46,24407.79,684,Part-time,Southwest,2025-08-30
CUST101786,45,18161.28,530,Self-employed,Southwest,2025-01-01
CUST101787,18,30010.89,769,Part-time,Southeast,2025-12-18
CUST101788,37,20856.33,698,Full-time,Southeast,2026-07-20
CUST101789,44,30325.09,595,Full-time,West,2025-08-23
CUST101790,18,56105.21,616,Self-employed,West,2025-06-07
CUST101791,33,33896.6,532,Self-employed,Southeast,2024-06-04
CUST101792,36,47101.59,636,Full-time,Southeast,2024-09-10
CUST101793,30,28984.0,623,Full-time,Southeast,2026-03-09
CUST101794,18,41329.26,560,Self-employed,Southwest,2025-12-15
CUST101795,30,95263.82,718,Full-time,West,2026-03-05
CUST101796,30,34309.63,755,Part-time,West,2024-06-12
CUST101797,32,47714.63,657,Self-employed,West,2025-10-10
CUST101798,28,19841.14,637,Full-time,Southeast,2024-06-29
CUST101799,29,79542.58,692,Full-time,Southeast,2026-06-22
CUST101800,33,32378.73,658,Full-time,West,2025-04-14
CUST101801,38,64391.71,578,Full-time,Southeast,2026-06-09
CUST101802,30,37970.65,611,Part-time,Southeast,2025-04-18
CUST101803,29,52849.88,637,Self-employed,West,2026-08-04
CUST101804,34,54282.41,678,Unemployed,Midwest,2026-03-31
CUST101805,18,32741.6,660,Full-time,Northeast,2026-04-08
CUST101806,38,65601.77,675,Self-employed,West,2024-12-05
CUST101807,33,28522.74,545,Full-time,Southeast,2025-02-02
CUST101808,34,56958.06,709,Self-employed,Southeast,2025-04-15
CUST101809,43,33671.52,660,Full-time,Midwest,2026-02-24
CUST101810,18,46971.72,850,Part-time,Southeast,2025-12-25
CUST101811,18,32601.16,630,Full-time,West,2025-09-19
CUST101812,36,41047.66,684,Full-time,Southwest,2024-04-14
CUST101813,33,24745.23,850,Student,Midwest,2024-12-08
CUST101814,35,44864.43,674,Full-time,Southeast,2026-07-17
CUST101815,29,40940.89,654,Full-time,Midwest,2026-07-17
CUST101816,40,31474.43,585,Part-time,Southeast,2025-10-15
CUST101817,43,39153.2,774,Full-time,West,2026-02-13
CUST101818,38,42629.51,573,Full-time,Southwest,2025-08-24
CUST101819,31,30413.42,692,Full-time,Northeast,2024-03-30
CUST101820,18,37875.46,624,Full-time,Midwest,2026-02-24
CUST101821,41,25527.25,645,Unemployed,Southwest,2025-03-12
CUST101822,46,115333.11,553,Part-time,Midwest,2025-06-20
CUST101823,40,64640.95,760,Full-time,Northeast,2025-01-16
CUST101824,25,45382.98,639,Full-time,Northeast,2025-04-25
CUST101825,40,68012.77,568,Unemployed,Southwest,2025-05-22
CUST101826,42,16470.67,753,Unemployed,Midwest,2025-12-16
CUST101827,49,15000.0,622,Full-time,Midwest,2024-04-25
CUST101828,25,33534.13,685,Part-time,Southeast,2025-12-24
CUST101829,31,21582.67,723,Full-time,Southeast,2026-04-10
CUST101830,41,36081.21,695,Full-time,Midwest,2026-05-22
CUST101831,34,44026.43,495,Unemployed,Midwest,2026-06-16
CUST101832,22,60729.6,712,Unemployed,Midwest,2025-10-10
CUST101833,38,24047.38,652,Full-time,West,2024-09-02
CUST101834,39,48042.14,635,Unemployed,Northeast,2026-04-01
CUST101835,34,40395.57,651,Self-employed,Midwest,2026-08-10
CUST101836,36,46928.44,539,Self-employed,Southeast,2025-05-09
CUST101837,31,31764.44,674,Self-employed,Northeast,2025-04-12
CUST101838,48,74787.86,557,Full-time,Midwest,2025-04-10
CUST101839,24,38308.27,638,Student,Northeast,2026-08-12
CUST101840,28,89177.32,671,Full-time,Southeast,2026-02-18
CUST101841,34,28122.5,740,Full-time,Southwest,2025-10-15
CUST101842,42,56065.3,598,Full-time,Southeast,2024-11-08
CUST101843,19,39071.52,768,Self-employed,Southwest,2025-01-24
CUST101844,20,34631.39,731,Full-time,Southeast,2024-09-04
CUST101845,18,53345.34,627,Full-time,Midwest,2025-04-24
CUST101846,34,35079.49,576,Self-employed,West,2025-08-27
CUST101847,22,15000.0,551,Full-time,Southeast,2025-04-13
CUST101848,30,15000.0,680,Full-time,Midwest,2025-09-13
CUST101849,40,71153.16,604,Full-time,Southwest,2026-03-30
CUST101850,27,69815.85,749,Self-employed,Southeast,2025-03-31
CUST101851,36,93835.96,609,Full-time,Southeast,2025-11-30
CUST101852,31,39819.51,592,Full-time,Southwest,2025-12-26
CUST101853,40,22433.58,677,Full-time,Northeast,2024-12-04
CUST101854,38,33229.3,608,Student,Southeast,2026-06-17
CUST101855,27,40341.7,660,Self-employed,Midwest,2026-07-24
CUST101856,32,25510.18,733,Full-time,Southeast,2025-10-08
CUST101857,44,84276.52,668,Unemployed,Midwest,2025-03-14
CUST101858,37,109949.48,669,Self-employed,Southwest,2024-08-13
CUST101859,20,49772.92,675,Self-employed,West,2025-05-21
CUST101860,40,39939.11,533,Full-time,Southwest,2025-12-31
CUST101861,23,22410.05,689,Full-time,Midwest,2025-10-18
CUST101862,48,80490.57,671,Self-employed,Southwest,2025-09-18
CUST101863,44,41536.92,726,Full-time,Southeast,2025-10-26
CUST101864,36,35237.85,705,Full-time,Midwest,2025-01-09
CUST101865,35,49837.77,644,Full-time,West,2024-09-17
CUST101866,31,30835.74,737,Full-time,Northeast,2024-12-05
CUST101867,40,42877.13,638,Part-time,Southeast,2025-09-15
CUST101868,30,20970.88,678,Full-time,Southeast,2025-12-06
CUST101869,36,65459.65,636,Part-time,West,2026-06-05
CUST101870,42,38292.72,694,Self-employed,Southeast,2024-09-18
CUST101871,28,67606.57,631,Full-time,Southeast,2024-04-29
CUST101872,27,36661.73,783,Full-time,West,2026-06-27
CUST101873,22,37748.84,811,Full-time,West,2026-04-22
CUST101874,23,23259.23,725,Full-time,Northeast,2026-02-08
CUST101875,18,56494.05,775,Self-employed,West,2024-09-19
CUST101876,41,27061.63,544,Part-time,Southwest,2026-02-06
CUST101877,52,32244.73,553,Unemployed,West,2026-08-01
CUST101878,48,40153.75,635,Student,Northeast,2025-10-25
CUST101879,18,42385.05,663,Full-time,Northeast,2025-09-30
CUST101880,41,18624.93,645,Part-time,Southeast,2025-09-04
CUST101881,48,36175.5,536,Full-time,West,2025-05-22
CUST101882,29,57403.1,746,Full-time,Midwest,2026-01-15
CUST101883,35,33851.81,821,Full-time,Southwest,2026-07-19
CUST101884,18,36274.52,756,Full-time,Southeast,2026-05-12
CUST101885,36,43177.84,741,Part-time,Southeast,2024-11-13
CUST101886,23,37923.18,676,Part-time,West,2025-01-17
CUST101887,35,25242.09,596,Full-time,Midwest,2025-12-30
CUST101888,18,39483.74,665,Full-time,Southwest,2024-05-17
CUST101889,39,62776.3,817,Part-time,Southwest,2025-04-30
CUST101890,44,25008.49,633,Self-employed,Northeast,2024-09-19
CUST101891,26,33910.61,625,Part-time,West,2024-09-23
CUST101892,22,21552.91,743,Full-time,West,2025-11-25
CUST101893,18,61305.32,748,Full-time,Southwest,2025-03-17
CUST101894,31,38500.97,596,Self-employed,Midwest,2025-03-16
CUST101895,28,27375.68,640,Self-employed,Midwest,2025-07-13
CUST101896,18,41836.29,622,Full-time,Southeast,2025-02-07
CUST101897,38,23350.65,665,Full-time,Southwest,2025-10-25
CUST101898,29,25208.26,742,Full-time,Southeast,2026-05-20
CUST101899,23,20804.82,599,Part-time,Northeast,2026-07-05
CUST101900,28,24833.51,741,Full-time,Northeast,2025-07-21
CUST101901,44,73924.67,667,Part-time,Midwest,2024-06-10
CUST101902,40,28856.68,834,Student,West,2026-02-08
CUST101903,32,49503.63,683,Full-time,Southwest,2025-03-17
CUST101904,40,27547.43,652,Full-time,West,2026-03-24
CUST101905,22,56488.38,703,Full-time,Southwest,2025-02-10
CUST101906,34,25292.5,634,Full-time,West,2026-03-06
CUST101907,35,40849.61,525,Student,Southwest,2025-07-26
CUST101908,29,41100.81,641,Student,West,2024-09-09
CUST101909,38,114406.41,640,Full-time,Midwest,2025-09-23
CUST101910,26,53299.99,540,Unemployed,Northeast,2024-05-23
CUST101911,39,30736.1,654,Full-time,Southeast,2026-07-04
CUST101912,39,54626.37,504,Part-time,West,2026-06-02
CUST101913,18,105048.61,633,Part-time,Southwest,2026-03-19
CUST101914,45,19276.92,678,Full-time,Northeast,2026-01-13
CUST101915,18,27470.91,667,Full-time,Northeast,2025-08-08
CUST101916,27,36076.47,629,Part-time,Southwest,2024-06-09
CUST101917,44,33266.64,653,Full-time,West,2026-01-15
CUST101918,30,34553.34,601,Student,Southwest,2025-10-07
CUST101919,19,22316.81,660,Full-time,West,2026-07-06
CUST101920,23,75491.87,664,Full-time,Northeast,2024-11-30
CUST101921,44,21159.12,592,Student,West,2025-04-25
CUST101922,18,36676.97,680,Full-time,Northeast,2026-07-05
CUST101923,45,64255.57,679,Full-time,West,2025-07-06
CUST101924,33,39593.36,647,Full-time,West,2026-02-04
CUST101925,22,25829.5,841,Full-time,Midwest,2025-08-12
CUST101926,28,21874.92,649,Full-time,Midwest,2025-12-09
CUST101927,23,36188.63,639,Full-time,Midwest,2024-09-30
CUST101928,42,28547.84,628,Full-time,Midwest,2026-06-25
CUST101929,41,44018.0,587,Full-time,West,2025-03-10
CUST101930,18,21361.53,711,Unemployed,Southeast,2024-09-22
CUST101931,29,57864.89,608,Unemployed,Southeast,2026-08-12
CUST101932,25,42276.95,617,Full-time,West,2024-06-18
CUST101933,46,43714.12,619,Student,West,2024-10-20
CUST101934,20,76763.5,586,Unemployed,Midwest,2025-12-14
CUST101935,50,32958.09,528,Student,Southeast,2025-06-20
CUST101936,33,28951.65,625,Self-employed,West,2024-12-29
CUST101937,22,31366.83,725,Full-time,West,2025-05-21
CUST101938,27,36804.05,674,Full-time,Southeast,2024-10-24
CUST101939,25,38525.12,777,Unemployed,Midwest,2024-07-01
CUST101940,21,27616.98,716,Full-time,Midwest,2025-10-06
CUST101941,34,16148.97,699,Unemployed,West,2026-05-10
CUST101942,21,31181.55,801,Self-employed,Southwest,2025-08-03
CUST101943,18,47189.26,652,Full-time,Midwest,2025-03-10
CUST101944,30,42672.77,664,Full-time,West,2024-10-08
CUST101945,18,68857.85,659,Student,Southwest,2025-12-11
CUST101946,26,96758.06,775,Full-time,Midwest,2024-05-28
CUST101947,24,56483.29,660,Self-employed,West,2026-07-13
CUST101948,25,74767.18,611,Student,Midwest,2025-03-26
CUST101949,54,56672.73,704,Full-time,Midwest,2025-07-29
CUST101950,34,86634.61,598,Full-time,Southeast,2024-12-17
CUST101951,36,92307.82,700,Full-time,Southeast,2025-12-10
CUST101952,18,61575.81,691,Self-employed,Southeast,2024-05-25
CUST101953,27,55153.26,645,Full-time,Northeast,2026-08-12
CUST101954,36,36594.22,702,Full-time,Southwest,2024-09-03
CUST101955,23,39395.16,548,Full-time,Midwest,2025-06-11
CUST101956,43,34474.43,672,Full-time,West,2025-05-22
CUST101957,21,53080.41,625,Full-time,Southwest,2025-11-16
CUST101958,31,29022.99,850,Full-time,Northeast,2025-09-07
CUST101959,28,36827.58,671,Self-employed,Southwest,2025-08-01
CUST101960,35,15000.0,615,Full-time,Northeast,2025-11-16
CUST101961,27,87150.38,556,Self-employed,Northeast,2026-08-03
CUST101962,31,36344.07,757,Student,Southwest,2025-08-30
CUST101963,31,49267.07,633,Part-time,Northeast,2025-08-29
CUST101964,26,77342.9,600,Part-time,Midwest,2024-11-23
CUST101965,38,45941.86,685,Full-time,West,2025-06-30
CUST101966,36,76876.43,708,Part-time,Southeast,2025-04-22
CUST101967,33,22953.32,707,Full-time,Southwest,2025-07-04
CUST101968,29,118044.8,661,Full-time,Southeast,2025-08-10
CUST101969,41,65460.33,671,Part-time,Northeast,2024-11-28
CUST101970,31,44096.74,677,Full-time,Northeast,2025-01-03
CUST101971,30,76212.88,685,Full-time,Northeast,2024-04-03
CUST101972,35,23720.96,691,Part-time,Northeast,2025-06-07
CUST101973,50,35246.56,742,Full-time,Northeast,2026-07-20
CUST101974,20,76873.21,664,Full-time,West,2025-03-22
CUST101975,41,17323.56,598,Full-time,West,2025-09-03
CUST101976,18,51647.96,649,Full-time,Southeast,2026-05-22
CUST101977,36,50994.82,716,Full-time,Southwest,2024-07-29
CUST101978,49,97358.14,526,Full-time,Southeast,2025-02-09
CUST101979,38,19686.14,526,Full-time,Southwest,2025-02-15
CUST101980,35,82812.47,728,Part-time,Southeast,2025-02-06
CUST101981,28,31202.02,774,Student,Southwest,2024-04-10
CUST101982,34,32821.72,565,Part-time,Southeast,2024-12-23
CUST101983,31,23158.06,667,Full-time,West,2024-12-01
CUST101984,26,24599.14,630,Part-time,West,2024-10-29
CUST101985,31,48126.35,640,Unemployed,Southeast,2024-11-21
CUST101986,35,24329.64,682,Student,Northeast,2024-12-09
CUST101987,26,56001.17,563,Full-time,Southeast,2026-06-08
CUST101988,25,29782.17,576,Full-time,Southeast,2025-08-28
CUST101989,20,23251.73,637,Full-time,Midwest,2025-12-17
CUST101990,37,31649.76,649,Self-employed,Midwest,2024-06-30
CUST101991,39,46700.88,575,Full-time,West,2025-03-24
CUST101992,36,35425.64,719,Unemployed,Northeast,2025-05-22
CUST101993,43,40757.48,628,Full-time,Midwest,2025-05-16
CUST101994,34,54901.36,628,Part-time,Northeast,2024-12-28
CUST101995,37,65322.36,681,Full-time,Midwest,2024-10-19
CUST101996,37,34907.5,650,Full-time,Southwest,2026-02-19
CUST101997,33,25086.88,722,Full-time,West,2024-04-01
CUST101998,28,41532.96,589,Self-employed,Midwest,2024-10-20
CUST101999,56,49602.29,555,Full-time,Northeast,2026-02-15
CUST102000,29,20799.28,636,Full-time,West,2025-03-04
CUST102001,27,26882.38,664,Self-employed,Midwest,2025-08-06
CUST102002,38,29038.15,566,Student,Midwest,2025-09-20
CUST102003,36,36551.59,555,Self-employed,Southwest,2024-07-20
CUST102004,19,28496.45,673,Self-employed,Southeast,2025-12-08
CUST102005,45,55169.65,603,Full-time,West,2024-08-14
CUST102006,33,19490.65,551,Unemployed,Northeast,2025-02-05
CUST102007,22,19714.83,732,Full-time,Northeast,2024-09-02
CUST102008,45,34535.74,612,Student,West,2024-11-03
CUST102009,40,37084.57,746,Self-employed,Midwest,2025-02-20
CUST102010,21,20856.28,662,Full-time,West,2026-03-01
CUST102011,51,30545.21,682,Full-time,West,2024-04-01
CUST102012,40,33507.69,644,Self-employed,West,2025-02-01
CUST102013,33,33624.69,460,Part-time,Southwest,2025-10-06
CUST102014,49,42973.83,574,Part-time,Southwest,2026-01-03
CUST102015,35,29800.77,650,Student,Southwest,2026-05-04
CUST102016,33,78043.87,687,Full-time,Southwest,2025-11-12
CUST102017,27,49995.69,525,Full-time,Southeast,2026-04-20
CUST102018,39,27911.64,655,Part-time,West,2024-07-02
CUST102019,38,41878.6,575,Full-time,Northeast,2025-07-30
CUST102020,34,42438.32,677,Part-time,Midwest,2025-02-15
CUST102021,26,69329.42,658,Unemployed,Southeast,2024-09-12
CUST102022,35,30632.84,715,Full-time,Southwest,2024-04-29
CUST102023,33,56687.13,740,Self-employed,Southeast,2025-07-16
CUST102024,20,40897.92,694,Self-employed,Southeast,2026-06-29
CUST102025,19,78527.56,724,Full-time,West,2025-02-28
CUST102026,39,71746.99,633,Self-employed,Midwest,2024-05-12
CUST102027,18,43854.85,850,Self-employed,Southwest,2025-10-06
CUST102028,36,35666.7,568,Full-time,West,2026-05-16
CUST102029,29,50411.4,620,Full-time,West,2024-11-30
CUST102030,47,37004.6,727,Full-time,Southeast,2025-02-20
CUST102031,29,85488.59,716,Part-time,Northeast,2026-04-02
CUST102032,40,41577.38,696,Full-time,West,2026-08-10
CUST102033,30,33438.42,710,Full-time,Southeast,2025-05-18
CUST102034,35,32636.06,503,Student,Southwest,2026-04-06
CUST102035,41,23251.71,779,Self-employed,Southwest,2026-03-05
CUST102036,29,51557.43,644,Self-employed,Midwest,2025-11-18
CUST102037,43,27750.11,753,Student,Northeast,2025-07-02
CUST102038,24,65786.29,507,Full-time,Midwest,2024-09-01
CUST102039,36,22430.55,679,Full-time,Northeast,2025-08-04
CUST102040,43,42499.97,617,Part-time,Southeast,2024-08-16
CUST102041,40,67346.13,702,Full-time,Southeast,2025-03-06
CUST102042,53,15237.1,683,Full-time,Midwest,2025-09-06
CUST102043,26,99530.51,687,Self-employed,Northeast,2025-05-27
CUST102044,20,33144.16,580,Full-time,West,2026-04-13
CUST102045,24,42765.75,655,Full-time,Northeast,2024-04-17
CUST102046,40,51904.05,646,Part-time,West,2025-11-24
CUST102047,38,55645.59,697,Part-time,Southeast,2024-06-21
CUST102048,35,45399.11,734,Full-time,Midwest,2025-01-29
CUST102049,22,62869.92,671,Full-time,West,2025-12-01
CUST102050,41,50694.96,564,Unemployed,Southwest,2025-06-16
CUST102051,21,88645.14,668,Student,Northeast,2026-04-30
CUST102052,45,50769.31,850,Full-time,Southwest,2025-02-24
CUST102053,62,97157.24,783,Full-time,Midwest,2026-06-18
CUST102054,37,60203.48,436,Part-time,West,2025-02-03
CUST102055,39,17808.17,664,Full-time,Midwest,2026-02-22
CUST102056,29,129961.85,729,Full-time,West,2026-04-24
CUST102057,18,30993.88,646,Full-time,Midwest,2026-02-01
CUST102058,27,78668.24,625,Full-time,Northeast,2026-05-28
CUST102059,23,40621.67,639,Full-time,Midwest,2024-07-01
CUST102060,19,64698.33,701,Full-time,West,2024-05-21
CUST102061,51,29442.21,573,Self-employed,Northeast,2024-05-31
CUST102062,36,53187.84,749,Full-time,Southeast,2024-11-27
CUST102063,37,35812.93,655,Full-time,Northeast,2026-01-25
CUST102064,30,81678.93,589,Full-time,West,2024-10-22
CUST102065,32,48893.55,744,Unemployed,Midwest,2024-10-22
CUST102066,43,61155.45,544,Full-time,Southwest,2026-01-20
CUST102067,33,15156.21,618,Full-time,West,2024-08-16
CUST102068,39,38618.72,617,Part-time,West,2024-03-29
CUST102069,32,48278.82,820,Self-employed,Midwest,2025-09-19
CUST102070,30,44383.66,608,Self-employed,West,2025-03-20
CUST102071,19,61853.3,498,Full-time,Midwest,2024-07-16
CUST102072,18,34041.75,616,Full-time,West,2025-12-28
CUST102073,31,41025.71,694,Full-time,West,2024-04-05
CUST102074,34,68292.28,718,Part-time,Southeast,2025-11-23
CUST102075,21,15000.0,830,Full-time,Southwest,2024-04-24
CUST102076,33,52323.86,765,Full-time,Southwest,2026-01-22
CUST102077,34,34535.8,674,Full-time,Southwest,2024-11-06
CUST102078,18,26621.03,593,Student,Northeast,2025-05-13
CUST102079,24,46697.45,781,Full-time,Midwest,2025-09-24
CUST102080,38,69727.71,632,Full-time,Northeast,2025-07-27
CUST102081,37,64062.52,610,Student,West,2026-01-28
CUST102082,22,37767.31,628,Self-employed,West,2025-01-06
CUST102083,35,59520.94,566,Part-time,Midwest,2024-04-02
CUST102084,44,59315.77,625,Part-time,Northeast,2025-03-22
CUST102085,41,38587.47,642,Full-time,Southwest,2025-12-16
CUST102086,33,29381.3,714,Self-employed,Midwest,2025-01-08
CUST102087,29,30156.17,630,Full-time,Southwest,2025-07-28
CUST102088,27,58514.74,564,Student,Northeast,2024-06-03
CUST102089,38,39380.81,539,Full-time,Midwest,2025-12-27
CUST102090,35,25064.76,675,Part-time,Southeast,2025-05-20
CUST102091,40,18803.75,665,Full-time,West,2025-06-08
CUST102092,35,58356.39,618,Full-time,Southeast,2024-07-04
CUST102093,42,31380.74,624,Full-time,West,2026-05-09
CUST102094,34,46568.26,689,Self-employed,West,2025-02-22
CUST102095,41,70113.32,764,Full-time,Midwest,2024-09-09
CUST102096,42,22269.74,601,Student,Northeast,2025-10-03
CUST102097,25,39327.85,666,Full-time,Southeast,2025-05-31
CUST102098,18,37167.41,731,Part-time,Northeast,2025-11-30
CUST102099,49,47614.1,601,Part-time,Southwest,2025-08-14
CUST102100,36,70096.07,658,Full-time,Southwest,2024-05-09
CUST102101,18,22064.97,657,Part-time,Southeast,2025-10-02
CUST102102,26,51865.5,561,Self-employed,Southwest,2026-02-19
CUST102103,41,63843.22,672,Part-time,Midwest,2025-03-27
CUST102104,31,36906.03,662,Part-time,West,2025-07-01
CUST102105,28,37727.66,701,Part-time,Northeast,2024-10-04
CUST102106,48,48450.71,570,Full-time,Northeast,2026-07-13
CUST102107,23,46871.62,660,Full-time,West,2024-06-19
CUST102108,26,52159.35,763,Full-time,Southeast,2024-12-11
CUST102109,36,51667.09,815,Part-time,West,2024-08-11
CUST102110,37,25799.55,756,Student,West,2025-08-24
CUST102111,38,62668.86,571,Full-time,Northeast,2025-07-22
CUST102112,43,67849.85,693,Full-time,Midwest,2025-10-27
CUST102113,35,43640.34,623,Full-time,Southwest,2024-08-18
CUST102114,38,20488.73,681,Part-time,Northeast,2026-06-13
CUST102115,31,38115.05,602,Self-employed,West,2025-05-11
CUST102116,34,43804.1,531,Self-employed,Northeast,2025-12-30
CUST102117,35,23978.91,634,Self-employed,Northeast,2025-02-04
CUST102118,36,34130.2,714,Self-employed,Midwest,2024-04-27
CUST102119,41,21285.55,681,Full-time,Southeast,2025-01-04
CUST102120,39,52748.02,690,Full-time,Southwest,2026-07-06
CUST102121,34,43246.86,676,Full-time,Southeast,2025-08-31
CUST102122,25,19137.36,690,Student,Southeast,2026-07-17
CUST102123,34,47012.05,699,Self-employed,West,2025-06-17
CUST102124,33,39127.11,639,Full-time,Northeast,2026-03-15
CUST102125,35,50634.4,666,Full-time,Midwest,2024-12-19
CUST102126,56,33651.42,790,Full-time,Northeast,2025-05-06
CUST102127,28,27982.49,670,Student,Northeast,2025-11-19
CUST102128,38,28370.92,663,Full-time,Southeast,2024-07-29
CUST102129,44,31502.54,667,Part-time,Southeast,2024-11-02
CUST102130,34,40476.28,643,Full-time,Midwest,2025-02-14
CUST102131,57,42898.04,627,Part-time,Midwest,2025-10-09
CUST102132,30,36833.98,675,Part-time,Northeast,2025-12-20
CUST102133,37,33173.49,622,Full-time,Northeast,2025-03-22
CUST102134,26,34264.62,649,Self-employed,Northeast,2024-09-25
CUST102135,30,124054.49,600,Full-time,Southwest,2024-08-15
CUST102136,36,28372.44,668,Self-employed,West,2024-10-06
CUST102137,42,31223.07,703,Full-time,Northeast,2026-07-24
CUST102138,37,176704.54,644,Part-time,Northeast,2024-04-09
CUST102139,46,48506.64,509,Full-time,Southwest,2026-01-16
CUST102140,33,21568.92,704,Part-time,Southwest,2026-08-05
CUST102141,30,58642.16,669,Full-time,Southwest,2025-04-12
CUST102142,61,26648.35,585,Part-time,Northeast,2025-07-13
CUST102143,37,60420.13,717,Full-time,West,2026-05-13
CUST102144,26,36499.98,555,Full-time,Southwest,2026-02-08
CUST102145,27,32928.44,738,Self-employed,Northeast,2026-02-16
CUST102146,24,82795.11,655,Full-time,Northeast,2025-07-27
CUST102147,43,51786.28,489,Full-time,Southwest,2024-10-31
CUST102148,30,62183.52,673,Part-time,Southwest,2024-12-28
CUST102149,35,48811.14,629,Full-time,Southwest,2026-07-22
CUST102150,33,32859.62,618,Unemployed,Midwest,2026-03-15
CUST102151,41,52844.53,604,Full-time,Midwest,2025-03-01
CUST102152,25,69157.86,650,Student,Southwest,2024-09-14
CUST102153,23,42643.58,623,Unemployed,Northeast,2026-07-15
CUST102154,36,90286.13,520,Full-time,Southeast,2025-10-25
CUST102155,40,58848.36,755,Full-time,Northeast,2026-05-05
CUST102156,37,44151.94,641,Part-time,West,2025-06-17
CUST102157,25,44943.84,605,Self-employed,Southwest,2025-09-08
CUST102158,40,42691.57,575,Full-time,Southwest,2026-03-15
CUST102159,26,22855.4,717,Full-time,Midwest,2024-04-26
CUST102160,28,38540.6,562,Full-time,West,2024-10-19
CUST102161,24,44335.19,670,Self-employed,West,2025-04-26
CUST102162,47,33281.66,616,Self-employed,Southwest,2024-10-17
CUST102163,40,46721.26,620,Full-time,West,2025-11-15
CUST102164,40,40521.52,577,Full-time,Southwest,2024-05-22
CUST102165,46,56849.42,613,Self-employed,Southwest,2025-08-21
CUST102166,62,54089.78,660,Student,Southeast,2025-09-12
CUST102167,18,43270.18,677,Full-time,West,2025-04-06
CUST102168,26,21693.2,601,Full-time,Northeast,2025-03-28
CUST102169,27,89843.56,653,Full-time,Southwest,2025-02-21
CUST102170,25,37652.29,726,Part-time,Southwest,2024-08-19
CUST102171,23,38700.24,535,Full-time,Northeast,2025-12-23
CUST102172,31,34401.85,659,Full-time,Southwest,2024-12-06
CUST102173,21,32215.88,588,Self-employed,Northeast,2026-02-23
CUST102174,37,80404.56,581,Full-time,Midwest,2026-01-16
CUST102175,34,74885.83,679,Full-time,West,2025-06-09
CUST102176,38,49019.68,619,Full-time,Northeast,2025-05-14
CUST102177,39,38239.52,568,Full-time,Southeast,2025-01-29
CUST102178,40,53029.47,759,Full-time,Midwest,2026-04-14
CUST102179,30,41490.04,729,Full-time,West,2024-09-02
CUST102180,55,36842.22,515,Full-time,Southeast,2025-04-16
CUST102181,36,46730.28,549,Full-time,Northeast,2025-03-16
CUST102182,18,32908.26,704,Unemployed,Northeast,2024-11-01
CUST102183,23,44959.57,638,Unemployed,Northeast,2024-12-19
CUST102184,18,43998.0,772,Full-time,West,2025-08-05
CUST102185,34,52644.72,706,Part-time,Southwest,2025-06-18
CUST102186,32,30375.4,682,Full-time,Midwest,2026-01-23
CUST102187,29,55246.56,583,Self-employed,West,2025-04-07
CUST102188,54,26693.09,696,Unemployed,West,2026-02-18
CUST102189,39,31018.68,564,Part-time,West,2025-02-07
CUST102190,41,31633.87,757,Part-time,Northeast,2025-08-15
CUST102191,24,24774.66,691,Full-time,Northeast,2026-01-20
CUST102192,24,63389.15,598,Full-time,Southwest,2025-06-25
CUST102193,34,25949.99,720,Full-time,Southeast,2024-05-23
CUST102194,35,29304.24,828,Full-time,Northeast,2025-04-11
CUST102195,18,70610.45,643,Part-time,Southwest,2025-10-17
CUST102196,32,31046.39,701,Full-time,Southeast,2025-07-18
CUST102197,34,36876.72,627,Full-time,West,2025-03-05
CUST102198,31,25452.95,666,Part-time,Midwest,2026-04-02
CUST102199,25,58385.8,546,Self-employed,Southeast,2025-04-12
CUST102200,28,58749.11,659,Part-time,West,2026-07-15
CUST102201,32,55967.46,663,Full-time,Southwest,2024-08-01
CUST102202,34,51117.82,794,Self-employed,Southeast,2025-03-01
CUST102203,40,41486.16,525,Full-time,Northeast,2026-05-07
CUST102204,44,31698.69,638,Part-time,Midwest,2025-07-04
CUST102205,31,27813.14,756,Full-time,Southwest,2024-07-05
CUST102206,29,71715.16,641,Full-time,West,2024-04-26
CUST102207,38,56622.51,647,Student,Northeast,2026-04-16
CUST102208,40,29378.34,597,Full-time,Midwest,2025-12-21
CUST102209,29,40860.71,590,Full-time,West,2026-04-10
CUST102210,41,35064.63,523,Full-time,Southwest,2025-09-27
CUST102211,43,24156.41,612,Student,Northeast,2024-07-24
CUST102212,46,43475.08,585,Unemployed,West,2024-12-07
CUST102213,51,33290.53,668,Full-time,Southwest,2026-01-02
CUST102214,25,26143.57,600,Part-time,Midwest,2025-11-03
CUST102215,34,20627.7,624,Full-time,Southwest,2025-02-27
CUST102216,34,19856.53,626,Self-employed,Southwest,2025-03-12
CUST102217,33,33957.27,656,Full-time,Southeast,2025-07-06
CUST102218,27,38627.02,620,Full-time,Southwest,2025-08-12
CUST102219,19,27068.19,580,Part-time,Southeast,2024-05-23
CUST102220,34,53789.46,666,Unemployed,Southeast,2025-06-02
CUST102221,26,38968.31,740,Full-time,Midwest,2024-10-02
CUST102222,34,52031.18,669,Full-time,Northeast,2024-04-30
CUST102223,26,36963.65,614,Student,Southwest,2025-10-26
CUST102224,23,28163.92,650,Full-time,Midwest,2024-10-05
CUST102225,36,42249.72,506,Full-time,Southwest,2024-09-05
CUST102226,35,22738.08,649,Full-time,Northeast,2026-02-04
CUST102227,39,51161.74,629,Full-time,Midwest,2026-01-29
CUST102228,55,26325.22,589,Full-time,Midwest,2026-03-26
CUST102229,36,60670.0,603,Full-time,Northeast,2025-02-24
CUST102230,38,34464.84,629,Full-time,Midwest,2024-10-20
CUST102231,23,64740.36,734,Full-time,West,2024-10-29
CUST102232,21,24217.23,741,Self-employed,West,2025-09-10
CUST102233,49,29584.43,590,Full-time,Northeast,2024-12-10
CUST102234,24,47639.65,621,Self-employed,West,2026-07-19
CUST102235,23,67963.34,623,Full-time,Midwest,2025-01-19
CUST102236,33,84963.24,720,Full-time,Northeast,2025-06-27
CUST102237,33,40888.94,670,Full-time,West,2024-08-21
CUST102238,24,91764.94,666,Full-time,Midwest,2024-04-24
CUST102239,30,35229.92,700,Part-time,West,2025-04-17
CUST102240,46,65804.63,615,Full-time,Northeast,2025-02-19
CUST102241,25,26265.68,762,Part-time,Northeast,2024-05-28
CUST102242,20,48488.9,659,Unemployed,West,2025-10-19
CUST102243,43,15000.0,595,Full-time,Southeast,2026-04-10
CUST102244,38,24228.48,642,Student,Midwest,2025-05-30
CUST102245,27,49513.69,752,Full-time,Southwest,2025-10-08
CUST102246,18,22234.55,628,Full-time,West,2025-02-07
CUST102247,26,48636.39,731,Full-time,Southeast,2024-10-01
CUST102248,33,60349.39,613,Self-employed,Southwest,2025-06-01
CUST102249,45,32029.28,602,Part-time,Southwest,2025-11-18
CUST102250,23,25951.15,709,Student,Southwest,2025-04-09
CUST102251,33,32422.76,594,Self-employed,Midwest,2025-07-24
CUST102252,40,25987.85,721,Full-time,Northeast,2026-03-05
CUST102253,18,38347.86,686,Unemployed,Southeast,2024-10-10
CUST102254,44,42021.67,594,Student,Midwest,2025-10-28
CUST102255,22,34971.74,654,Self-employed,Midwest,2025-05-02
CUST102256,37,85260.08,618,Part-time,Northeast,2024-06-14
CUST102257,36,29035.32,686,Self-employed,Southwest,2026-03-03
CUST102258,44,75067.65,801,Full-time,Midwest,2025-08-07
CUST102259,39,25120.57,632,Unemployed,Southwest,2026-03-14
CUST102260,18,41471.01,700,Student,Midwest,2025-07-29
CUST102261,26,68350.04,661,Part-time,Southeast,2025-11-24
CUST102262,35,66776.78,661,Full-time,Northeast,2024-06-08
CUST102263,32,33219.22,647,Full-time,Northeast,2025-11-23
CUST102264,38,51522.89,595,Student,Midwest,2025-02-25
CUST102265,41,48510.26,685,Unemployed,Southeast,2026-04-17
CUST102266,40,31477.47,638,Self-employed,Southwest,2025-07-13
CUST102267,31,52953.92,592,Student,Southwest,2024-08-17
CUST102268,18,92792.54,736,Full-time,Southeast,2025-01-06
CUST102269,29,49625.76,667,Unemployed,Southwest,2025-12-11
CUST102270,38,51785.24,642,Full-time,Midwest,2024-04-20
CUST102271,23,54310.33,760,Full-time,West,2024-09-15
CUST102272,40,20796.93,522,Full-time,West,2025-08-28
CUST102273,43,49370.14,755,Full-time,West,2024-04-19
CUST102274,35,25398.82,593,Full-time,Northeast,2026-03-04
CUST102275,18,30777.86,675,Self-employed,Midwest,2025-10-29
CUST102276,21,106178.17,615,Full-time,Northeast,2024-05-26
CUST102277,52,35811.78,590,Self-employed,West,2024-04-21
CUST102278,28,28765.2,758,Full-time,Southwest,2024-08-27
CUST102279,18,67417.65,799,Self-employed,Southeast,2026-02-28
CUST102280,46,26200.8,643,Full-time,Southwest,2026-02-04
CUST102281,34,32815.67,685,Self-employed,Midwest,2025-01-27
CUST102282,45,70408.8,664,Part-time,Midwest,2026-06-26
CUST102283,36,40914.73,789,Full-time,Midwest,2024-04-03
CUST102284,38,19876.26,501,Full-time,West,2024-05-16
CUST102285,37,51266.63,688,Full-time,Southwest,2024-09-09
CUST102286,40,33576.79,605,Full-time,Midwest,2024-04-23
CUST102287,56,80252.5,483,Full-time,Southwest,2026-01-26
CUST102288,43,30552.93,632,Full-time,Northeast,2024-07-08
CUST102289,18,64411.77,798,Self-employed,Southeast,2026-01-02
CUST102290,38,89238.17,610,Full-time,Northeast,2026-04-30
CUST102291,45,27366.52,719,Full-time,West,2025-12-28
CUST102292,46,36792.68,749,Full-time,Northeast,2024-10-08
CUST102293,29,47804.8,659,Full-time,West,2024-05-15
CUST102294,45,27287.78,669,Full-time,West,2025-02-27
CUST102295,43,45325.85,531,Part-time,West,2026-01-12
CUST102296,59,36271.44,606,Part-time,Southwest,2025-03-09
CUST102297,26,35944.08,728,Full-time,Midwest,2025-05-27
CUST102298,28,41028.5,664,Full-time,West,2025-05-20
CUST102299,30,41442.79,687,Full-time,West,2025-10-13
CUST102300,29,43206.51,669,Self-employed,West,2026-04-15
CUST102301,25,30654.3,824,Full-time,Southwest,2025-10-03
CUST102302,18,31262.44,627,Self-employed,Southwest,2024-06-30
CUST102303,29,38049.21,780,Part-time,Southwest,2025-08-23
CUST102304,37,39334.57,670,Part-time,West,2026-07-26
CUST102305,29,32942.46,787,Full-time,Midwest,2025-10-17
CUST102306,53,46433.33,568,Student,Midwest,2025-07-08
CUST102307,34,17736.1,673,Full-time,West,2025-03-10
CUST102308,46,28891.14,630,Full-time,Southeast,2025-02-01
CUST102309,36,35384.62,670,Unemployed,Southwest,2025-08-08
CUST102310,42,27302.9,751,Part-time,Northeast,2026-04-11
CUST102311,36,83544.87,688,Full-time,Midwest,2025-07-26
CUST102312,47,40476.94,751,Full-time,Northeast,2026-08-11
CUST102313,34,43457.83,609,Full-time,West,2025-05-30
CUST102314,38,32291.08,598,Self-employed,West,2025-07-22
CUST102315,37,39850.87,661,Full-time,Southeast,2025-10-08
CUST102316,31,23228.52,657,Full-time,Northeast,2025-01-15
CUST102317,38,37182.08,646,Full-time,Southwest,2024-10-26
CUST102318,56,26326.89,588,Student,West,2025-12-27
CUST102319,31,35424.83,749,Part-time,Southeast,2025-06-01
CUST102320,38,15000.0,632,Full-time,West,2025-05-27
CUST102321,46,24158.67,766,Unemployed,Midwest,2025-05-27
CUST102322,45,77556.88,660,Full-time,Midwest,2025-08-28
CUST102323,34,58318.75,708,Self-employed,Southeast,2026-02-12
CUST102324,18,72661.55,701,Self-employed,Southeast,2026-03-17
CUST102325,39,74942.36,598,Full-time,Southeast,2026-07-18
CUST102326,18,54330.68,687,Self-employed,Northeast,2026-06-29
CUST102327,48,32735.29,804,Student,Southeast,2024-09-08
CUST102328,35,25165.7,678,Full-time,Southeast,2026-06-14
CUST102329,43,67240.77,727,Full-time,Northeast,2024-07-30
CUST102330,24,41318.09,711,Self-employed,Southeast,2024-06-25
CUST102331,18,123291.93,683,Full-time,Northeast,2026-01-16
CUST102332,36,34054.11,673,Full-time,Northeast,2025-07-24
CUST102333,33,97519.06,701,Full-time,Southwest,2025-10-04
CUST102334,29,37400.66,717,Self-employed,Northeast,2025-09-05
CUST102335,34,73219.85,558,Self-employed,Southeast,2025-10-06
CUST102336,61,86121.23,678,Student,Southwest,2025-10-20
CUST102337,42,25328.17,646,Full-time,Northeast,2024-12-26
CUST102338,44,32265.4,630,Student,Southwest,2025-08-19
CUST102339,42,25214.12,757,Full-time,Northeast,2026-03-04
CUST102340,48,23075.46,605,Part-time,Northeast,2025-09-18
CUST102341,32,54186.12,555,Part-time,Northeast,2024-04-14
CUST102342,18,36736.17,719,Full-time,West,2024-04-06
CUST102343,32,41091.84,553,Part-time,Northeast,2026-06-21
CUST102344,42,51550.01,515,Full-time,Northeast,2025-03-31
CUST102345,24,17399.14,728,Full-time,West,2024-04-18
CUST102346,32,71613.92,671,Self-employed,Southwest,2026-02-26
CUST102347,27,34300.24,695,Full-time,Midwest,2026-06-15
CUST102348,49,50999.98,626,Self-employed,Northeast,2026-02-10
CUST102349,41,53067.54,556,Full-time,Southeast,2025-11-10
CUST102350,40,74373.76,571,Full-time,Midwest,2024-05-22
CUST102351,40,38285.03,639,Part-time,Midwest,2026-01-07
CUST102352,33,15434.54,564,Full-time,Midwest,2025-10-29
CUST102353,35,41179.98,683,Student,Northeast,2025-12-31
CUST102354,22,43928.48,625,Student,West,2025-09-07
CUST102355,18,25199.58,673,Full-time,Southwest,2024-03-31
CUST102356,35,42889.01,671,Full-time,Southeast,2026-06-02
CUST102357,37,34116.68,689,Full-time,West,2025-07-11
CUST102358,46,21933.29,697,Self-employed,Southeast,2025-02-25
CUST102359,49,54293.96,634,Full-time,Northeast,2026-05-02
CUST102360,49,31142.34,673,Student,West,2026-07-06
CUST102361,24,33427.34,677,Student,Northeast,2024-04-11
CUST102362,30,32592.57,477,Full-time,Northeast,2025-12-22
CUST102363,38,69980.04,708,Part-time,Southwest,2026-01-14
CUST102364,59,39402.63,671,Full-time,Southeast,2025-10-14
CUST102365,48,41589.16,702,Full-time,Northeast,2026-06-11
CUST102366,45,32915.99,563,Full-time,Northeast,2026-04-08
CUST102367,30,49428.88,636,Self-employed,Northeast,2026-07-23
CUST102368,25,73658.37,578,Full-time,West,2025-05-05
CUST102369,41,53719.82,715,Unemployed,Southwest,2025-07-06
CUST102370,22,54671.08,554,Full-time,West,2025-12-18
CUST102371,31,52722.82,590,Part-time,Southwest,2024-06-06
CUST102372,32,21566.38,700,Student,Midwest,2025-11-21
CUST102373,49,27058.23,612,Self-employed,Southeast,2026-07-30
CUST102374,30,36598.25,590,Full-time,West,2026-05-19
CUST102375,18,28951.03,728,Full-time,West,2024-11-21
CUST102376,39,24858.58,731,Full-time,Midwest,2025-05-07
CUST102377,27,17283.73,714,Full-time,Northeast,2025-12-30
CUST102378,34,21896.06,723,Student,Southwest,2026-01-10
CUST102379,33,35759.22,642,Full-time,Southeast,2026-02-04
CUST102380,31,38900.33,644,Full-time,Southeast,2025-08-11
CUST102381,41,28088.79,611,Self-employed,Southwest,2024-12-09
CUST102382,18,41585.9,672,Full-time,West,2025-02-04
CUST102383,28,33016.9,620,Unemployed,Southwest,2024-11-01
CUST102384,40,65562.43,627,Full-time,Northeast,2026-07-09
CUST102385,27,37319.39,704,Full-time,Southwest,2025-04-14
CUST102386,18,54904.41,748,Part-time,West,2024-10-17
CUST102387,40,43978.06,689,Full-time,Southwest,2026-02-19
CUST102388,45,21355.57,794,Student,Southeast,2025-03-24
CUST102389,33,38530.44,607,Full-time,Southwest,2026-08-08
CUST102390,18,23016.56,522,Full-time,Southeast,2024-06-13
CUST102391,41,38228.85,713,Full-time,West,2024-11-10
CUST102392,18,28701.11,602,Full-time,West,2025-02-17
CUST102393,37,47661.7,639,Part-time,Midwest,2025-03-10
CUST102394,25,21937.23,527,Full-time,Northeast,2025-01-08
CUST102395,22,40401.24,592,Part-time,Midwest,2025-08-11
CUST102396,29,51926.63,547,Unemployed,Northeast,2024-04-24
CUST102397,32,60380.29,627,Full-time,Southwest,2026-02-09
CUST102398,27,28456.29,630,Part-time,Southwest,2024-09-07
CUST102399,39,40456.72,666,Full-time,Southeast,2024-10-20
CUST102400,29,43602.34,752,Self-employed,West,2024-08-15
CUST102401,43,80515.65,710,Full-time,Southwest,2026-06-13
CUST102402,36,20607.32,538,Part-time,West,2025-07-22
CUST102403,27,26635.6,705,Full-time,Southeast,2025-01-31
CUST102404,25,141776.64,668,Full-time,Northeast,2025-02-21
CUST102405,18,35493.55,652,Full-time,Midwest,2024-12-23
CUST102406,36,17137.99,658,Full-time,Southeast,2025-02-08
CUST102407,30,30879.64,675,Unemployed,Southwest,2026-01-31
CUST102408,18,15000.0,608,Full-time,Midwest,2024-08-23
CUST102409,28,44730.65,646,Student,Southwest,2025-06-19
CUST102410,24,57780.3,748,Full-time,Northeast,2024-04-21
CUST102411,49,26628.89,607,Full-time,Northeast,2025-05-18
CUST102412,18,32473.32,582,Full-time,West,2025-05-03
CUST102413,19,60818.2,655,Full-time,Midwest,2025-03-17
CUST102414,45,18258.81,575,Self-employed,Northeast,2024-07-17
CUST102415,47,22143.36,530,Full-time,West,2024-06-20
CUST102416,26,36219.33,634,Unemployed,Northeast,2025-03-23
CUST102417,27,28608.22,768,Full-time,West,2025-04-25
CUST102418,40,35163.36,657,Full-time,Southeast,2026-06-27
CUST102419,18,22727.08,673,Full-time,Midwest,2026-06-16
CUST102420,18,44198.28,500,Part-time,Southeast,2024-11-11
CUST102421,31,37528.09,692,Full-time,Northeast,2025-10-17
CUST102422,49,51386.75,667,Student,Midwest,2025-07-30
CUST102423,29,43922.4,610,Full-time,Southeast,2025-02-13
CUST102424,35,44046.91,673,Full-time,Midwest,2026-02-01
CUST102425,45,20934.67,672,Self-employed,Midwest,2025-10-28
CUST102426,55,50094.48,580,Part-time,Southwest,2026-07-07
CUST102427,28,34582.74,684,Self-employed,Northeast,2024-10-14
CUST102428,33,37235.98,749,Full-time,Southeast,2025-05-28
CUST102429,52,64325.99,642,Self-employed,West,2026-03-01
CUST102430,18,29034.9,594,Full-time,West,2025-03-13
CUST102431,44,73720.26,646,Student,Midwest,2026-04-11
CUST102432,23,76880.99,724,Full-time,Southeast,2024-10-03
CUST102433,35,56317.07,568,Self-employed,Midwest,2026-01-25
CUST102434,31,25815.25,703,Full-time,Southwest,2025-12-21
CUST102435,24,15005.44,609,Self-employed,Southeast,2024-07-12
CUST102436,24,65217.02,678,Unemployed,West,2024-11-05
CUST102437,36,42197.8,617,Unemployed,Northeast,2024-12-29
CUST102438,43,28700.25,617,Full-time,Southwest,2025-03-08
CUST102439,32,68057.15,774,Full-time,Midwest,2025-05-18
CUST102440,34,27236.1,554,Self-employed,Midwest,2026-02-27
CUST102441,39,33161.01,696,Part-time,Midwest,2025-11-25
CUST102442,24,50827.9,789,Part-time,Northeast,2024-04-28
CUST102443,41,24315.73,711,Full-time,Southeast,2024-06-05
CUST102444,42,38205.46,560,Full-time,Southeast,2024-11-20
CUST102445,60,65520.07,563,Full-time,Southwest,2024-07-01
CUST102446,30,44134.62,603,Part-time,Midwest,2024-09-13
CUST102447,29,70357.3,671,Full-time,Midwest,2025-08-31
CUST102448,41,66844.28,676,Full-time,Midwest,2024-11-29
CUST102449,42,40274.84,564,Self-employed,Midwest,2024-10-28
CUST102450,28,15000.0,594,Full-time,Northeast,2026-04-15
CUST102451,29,24401.56,599,Unemployed,West,2024-06-10
CUST102452,39,56585.06,646,Full-time,West,2025-06-11
CUST102453,25,19978.0,808,Full-time,Southeast,2025-11-14
CUST102454,29,34647.76,590,Full-time,Southwest,2025-06-27
CUST102455,34,46738.16,586,Full-time,Southeast,2025-11-01
CUST102456,43,77754.12,575,Part-time,Northeast,2025-10-28
CUST102457,27,30984.46,707,Full-time,West,2025-04-26
CUST102458,18,30044.37,656,Full-time,Southeast,2024-03-29
CUST102459,18,39198.72,592,Full-time,Southeast,2025-08-23
CUST102460,21,47000.37,632,Part-time,Midwest,2026-02-08
CUST102461,20,37443.52,600,Self-employed,Midwest,2024-10-20
CUST102462,32,64355.05,682,Full-time,Southeast,2025-11-30
CUST102463,22,28011.92,850,Full-time,West,2025-05-03
CUST102464,26,42364.77,701,Full-time,Southeast,2026-01-05
CUST102465,26,49037.75,653,Self-employed,Midwest,2026-02-10
CUST102466,29,33519.92,610,Full-time,Southwest,2026-01-06
CUST102467,47,58563.65,559,Full-time,West,2025-10-07
CUST102468,40,42917.35,715,Self-employed,Midwest,2024-05-04
CUST102469,34,57238.42,710,Full-time,Midwest,2025-01-07
CUST102470,29,43798.15,625,Self-employed,West,2024-12-16
CUST102471,29,47542.63,751,Full-time,Midwest,2026-06-28
CUST102472,37,30194.76,661,Student,Southeast,2026-08-04
CUST102473,39,30216.78,718,Full-time,Northeast,2025-10-20
CUST102474,24,69631.92,682,Full-time,Southeast,2024-07-02
CUST102475,34,53422.09,646,Full-time,Northeast,2026-07-30
CUST102476,18,25328.0,588,Full-time,Southeast,2024-10-16
CUST102477,36,43537.96,649,Part-time,Midwest,2024-08-29
CUST102478,41,15000.0,723,Full-time,Midwest,2025-12-15
CUST102479,31,30999.52,621,Full-time,Northeast,2026-05-04
CUST102480,52,61849.7,692,Self-employed,Midwest,2026-04-02
CUST102481,25,37937.09,578,Full-time,Midwest,2026-06-07
CUST102482,36,42321.93,718,Self-employed,Northeast,2024-08-10
CUST102483,33,15000.0,683,Part-time,Southeast,2024-09-28
CUST102484,32,33640.5,569,Full-time,Southwest,2025-01-05
CUST102485,32,46733.78,643,Self-employed,Northeast,2026-05-28
CUST102486,35,49482.8,729,Unemployed,Southeast,2024-05-09
CUST102487,42,61886.67,565,Self-employed,Midwest,2024-12-26
CUST102488,47,36511.55,579,Full-time,Northeast,2024-08-23
CUST102489,33,37251.78,654,Full-time,Southwest,2025-09-17
CUST102490,42,22038.52,819,Unemployed,Southwest,2026-02-22
CUST102491,26,36605.92,609,Part-time,Southeast,2024-08-29
CUST102492,41,22749.34,697,Full-time,Southeast,2026-06-30
CUST102493,26,17473.81,679,Full-time,Southwest,2026-03-07
CUST102494,44,24628.74,615,Part-time,Southeast,2026-04-02
CUST102495,56,79134.82,672,Self-employed,Northeast,2026-06-01
CUST102496,32,35534.08,626,Unemployed,Northeast,2025-04-21
CUST102497,18,44309.08,633,Unemployed,Northeast,2026-01-27
CUST102498,28,31854.27,535,Full-time,West,2024-04-25
CUST102499,46,17930.39,658,Part-time,West,2024-05-25
CUST102500,39,61160.14,727,Full-time,Midwest,2026-03-20
CUST102501,36,15100.92,664,Full-time,West,2024-08-22
CUST102502,44,31267.78,741,Full-time,Southwest,2026-07-10
CUST102503,38,39160.48,703,Student,Midwest,2025-12-08
CUST102504,46,44521.18,655,Full-time,Southwest,2025-01-16
CUST102505,43,28943.15,612,Full-time,Midwest,2026-02-15
CUST102506,49,17551.9,623,Full-time,West,2026-06-07
CUST102507,37,27987.35,549,Full-time,West,2026-03-30
CUST102508,43,28654.3,639,Full-time,West,2025-01-17
CUST102509,30,28342.22,670,Full-time,Midwest,2026-02-02
CUST102510,27,62101.56,788,Full-time,Midwest,2026-01-12
CUST102511,51,23245.78,699,Full-time,Northeast,2026-02-16
CUST102512,36,45956.04,595,Self-employed,Southwest,2024-07-07
CUST102513,42,43098.08,552,Self-employed,Northeast,2024-07-02
CUST102514,35,61833.76,644,Self-employed,Midwest,2024-09-12
CUST102515,28,37800.99,720,Full-time,Northeast,2026-07-27
CUST102516,34,57297.31,643,Full-time,Midwest,2026-01-08
CUST102517,48,37141.9,700,Full-time,Southwest,2024-07-09
CUST102518,39,48799.56,646,Student,Southeast,2025-04-19
CUST102519,18,20407.88,713,Full-time,Southwest,2026-07-08
CUST102520,31,15000.0,540,Full-time,Southeast,2026-01-09
CUST102521,51,47567.07,780,Student,Southeast,2024-08-24
CUST102522,31,48729.14,576,Student,Northeast,2024-07-10
CUST102523,18,49710.73,719,Full-time,Northeast,2025-08-08
CUST102524,52,31690.76,639,Self-employed,Southeast,2026-04-04
CUST102525,40,78462.42,651,Full-time,Northeast,2026-06-07
CUST102526,33,32632.21,641,Full-time,West,2026-01-29
CUST102527,30,48503.71,679,Full-time,Southwest,2024-09-17
CUST102528,44,52448.46,694,Student,Southeast,2024-08-24
CUST102529,28,86979.96,739,Full-time,West,2026-01-02
CUST102530,45,34798.75,765,Self-employed,Southeast,2024-04-15
CUST102531,39,29913.44,684,Full-time,Midwest,2024-07-11
CUST102532,36,20451.97,788,Part-time,Southwest,2024-04-06
CUST102533,35,80705.75,666,Part-time,Southwest,2024-10-28
CUST102534,32,48515.32,740,Self-employed,Northeast,2025-04-02
CUST102535,44,49211.25,692,Student,Southeast,2024-04-11
CUST102536,25,163164.95,618,Self-employed,Southeast,2024-12-22
CUST102537,18,46456.43,673,Self-employed,Midwest,2024-08-20
CUST102538,40,22336.01,697,Full-time,West,2025-08-28
CUST102539,40,36748.16,657,Student,Midwest,2026-01-16
CUST102540,38,25883.16,690,Full-time,Midwest,2025-04-02
CUST102541,38,33585.82,724,Full-time,Northeast,2025-08-22
CUST102542,30,33484.39,658,Full-time,Midwest,2025-10-12
CUST102543,41,30817.53,439,Full-time,Midwest,2024-12-15
CUST102544,33,21440.2,785,Part-time,Southwest,2025-02-28
CUST102545,29,82176.59,637,Full-time,West,2025-11-12
CUST102546,30,45911.99,598,Full-time,Midwest,2026-01-15
CUST102547,54,36262.43,575,Student,Northeast,2025-04-25
CUST102548,18,56440.2,634,Student,West,2025-11-02
CUST102549,38,49611.62,617,Full-time,Midwest,2026-01-19
CUST102550,18,45436.04,604,Student,Midwest,2026-02-01
CUST102551,32,54625.12,608,Full-time,West,2025-01-14
CUST102552,29,42628.17,699,Full-time,Midwest,2025-08-17
CUST102553,18,54263.1,812,Unemployed,Southwest,2025-10-20
CUST102554,37,56325.38,721,Part-time,West,2026-05-05
CUST102555,30,43183.92,744,Self-employed,Midwest,2026-06-26
CUST102556,18,36345.38,631,Full-time,West,2024-12-17
CUST102557,42,79911.82,667,Full-time,Northeast,2024-04-24
CUST102558,48,32368.61,691,Full-time,West,2025-11-04
CUST102559,48,47862.67,610,Student,West,2024-08-09
CUST102560,37,48351.8,628,Full-time,Northeast,2025-03-08
CUST102561,34,30506.62,724,Full-time,Northeast,2025-11-22
CUST102562,47,27902.73,741,Full-time,Northeast,2025-04-07
CUST102563,50,34226.88,665,Part-time,Southeast,2026-04-23
CUST102564,45,32160.76,570,Full-time,West,2025-10-24
CUST102565,24,20823.58,637,Self-employed,Northeast,2024-11-12
CUST102566,36,29936.3,551,Full-time,Northeast,2024-08-03
CUST102567,38,45242.87,665,Full-time,Midwest,2026-02-03
CUST102568,18,70946.02,679,Full-time,Southeast,2024-06-12
CUST102569,38,51507.16,639,Full-time,Southwest,2025-03-05
CUST102570,56,15000.0,678,Self-employed,Southwest,2026-01-26
CUST102571,40,53561.55,691,Self-employed,West,2024-10-05
CUST102572,48,31220.55,679,Full-time,Midwest,2024-07-08
CUST102573,35,49211.67,569,Full-time,Midwest,2025-12-19
CUST102574,33,39880.36,641,Full-time,Northeast,2026-05-14
CUST102575,37,36801.38,690,Unemployed,West,2025-12-09
CUST102576,25,38330.22,778,Student,Southeast,2024-10-24
CUST102577,24,39731.88,639,Self-employed,Midwest,2026-06-21
CUST102578,46,73495.7,701,Full-time,West,2025-12-05
CUST102579,47,39781.33,725,Full-time,Southwest,2025-11-08
CUST102580,24,65413.98,645,Student,Southwest,2026-07-30
CUST102581,43,61264.61,746,Full-time,Northeast,2025-03-12
CUST102582,33,54185.6,750,Part-time,Southwest,2024-09-11
CUST102583,37,17962.14,763,Student,Northeast,2026-03-31
CUST102584,38,66335.78,694,Self-employed,Southwest,2024-07-03
CUST102585,43,32661.24,837,Part-time,Midwest,2024-05-06
CUST102586,34,55385.73,613,Full-time,Midwest,2024-07-17
CUST102587,48,25909.38,819,Student,Southwest,2024-11-23
CUST102588,37,23546.13,717,Full-time,Southwest,2025-07-20
CUST102589,40,97672.46,760,Unemployed,Southeast,2026-02-17
CUST102590,25,26091.31,635,Full-time,Southeast,2024-06-10
CUST102591,55,67221.47,723,Self-employed,Midwest,2025-05-09
CUST102592,38,42331.6,767,Unemployed,Northeast,2025-07-16
CUST102593,41,33221.28,578,Part-time,Southeast,2025-09-07
CUST102594,18,39333.31,647,Full-time,Northeast,2026-02-05
CUST102595,25,22348.34,499,Full-time,Midwest,2025-09-15
CUST102596,46,39887.19,646,Self-employed,Southeast,2024-09-18
CUST102597,36,24655.79,598,Part-time,Southeast,2025-04-13
CUST102598,18,33592.24,643,Full-time,West,2025-09-03
CUST102599,44,60863.25,850,Unemployed,Northeast,2026-05-11
CUST102600,28,44998.56,788,Student,Northeast,2025-08-17
CUST102601,48,20599.52,552,Unemployed,Southeast,2026-02-07
CUST102602,33,58874.87,701,Part-time,Northeast,2025-09-01
CUST102603,36,40006.82,719,Student,West,2026-04-05
CUST102604,45,31445.67,634,Unemployed,West,2024-05-11
CUST102605,25,56162.49,673,Full-time,West,2026-03-15
CUST102606,24,37225.78,680,Student,Southwest,2026-04-27
CUST102607,32,23752.72,559,Full-time,Northeast,2025-01-20
CUST102608,42,92181.47,582,Student,Midwest,2025-10-18
CUST102609,20,39823.83,672,Self-employed,Northeast,2024-03-30
CUST102610,18,38691.56,667,Part-time,Southeast,2025-08-27
CUST102611,42,33446.51,606,Full-time,Midwest,2025-01-24
CUST102612,27,68253.54,600,Full-time,Southwest,2024-08-18
CUST102613,30,31691.53,653,Full-time,Southeast,2024-04-09
CUST102614,18,20025.45,726,Part-time,Southeast,2024-09-08
CUST102615,27,29572.35,654,Unemployed,West,2025-03-30
CUST102616,33,72914.92,781,Full-time,Southeast,2024-09-04
CUST102617,43,58364.29,607,Full-time,Midwest,2025-12-10
CUST102618,26,35783.53,674,Part-time,Southeast,2024-07-17
CUST102619,50,74456.09,633,Full-time,West,2024-07-16
CUST102620,27,56194.49,704,Full-time,Midwest,2025-09-14
CUST102621,27,35597.65,601,Full-time,Northeast,2026-06-16
CUST102622,49,37247.52,804,Part-time,Northeast,2024-12-26
CUST102623,36,46545.84,533,Part-time,West,2026-05-16
CUST102624,28,27602.2,788,Unemployed,West,2026-07-29
CUST102625,32,40216.28,666,Full-time,Southwest,2024-05-11
CUST102626,47,46112.12,701,Full-time,Northeast,2025-04-07
CUST102627,48,18785.96,760,Self-employed,Southwest,2025-01-25
CUST102628,25,36857.18,724,Student,Southwest,2024-07-08
CUST102629,33,35018.25,605,Full-time,West,2024-05-27
CUST102630,34,63744.02,705,Unemployed,Midwest,2024-05-03
CUST102631,24,17500.35,800,Self-employed,Midwest,2026-04-20
CUST102632,33,33803.59,593,Unemployed,Southwest,2025-11-05
CUST102633,34,32312.53,818,Full-time,Northeast,2024-10-14
CUST102634,45,61823.07,688,Full-time,Southwest,2026-07-19
CUST102635,46,39356.01,627,Full-time,Midwest,2026-01-21
CUST102636,30,90061.01,593,Self-employed,Northeast,2025-05-23
CUST102637,31,54067.9,643,Unemployed,West,2025-10-19
CUST102638,40,33369.57,513,Full-time,Southeast,2026-03-16
CUST102639,28,44705.26,628,Full-time,West,2024-06-22
CUST102640,39,34223.54,640,Full-time,Southeast,2025-07-20
CUST102641,33,59084.76,579,Part-time,Midwest,2025-08-21
CUST102642,24,22037.72,716,Unemployed,Midwest,2025-01-19
CUST102643,24,27704.13,643,Full-time,Southwest,2025-01-07
CUST102644,48,49269.5,612,Part-time,Northeast,2025-06-11
CUST102645,32,69674.55,635,Full-time,Southeast,2024-07-03
CUST102646,50,15000.0,686,Unemployed,Northeast,2025-11-29
CUST102647,28,74496.84,665,Self-employed,Southeast,2024-07-17
CUST102648,36,37682.05,607,Full-time,Midwest,2024-07-19
CUST102649,57,17192.98,669,Part-time,Midwest,2026-08-06
CUST102650,23,15000.0,656,Self-employed,West,2024-10-26
CUST102651,18,20166.46,574,Student,Midwest,2026-03-29
CUST102652,46,39780.53,638,Part-time,Midwest,2025-06-17
CUST102653,25,38962.15,703,Full-time,Northeast,2024-06-05
CUST102654,33,53366.59,702,Part-time,Northeast,2026-02-24
CUST102655,28,31342.52,642,Part-time,Southwest,2025-04-11
CUST102656,36,24376.67,710,Full-time,Southwest,2024-10-06
CUST102657,24,33326.6,586,Student,Midwest,2025-06-22
CUST102658,32,40746.48,588,Full-time,Midwest,2026-06-07
CUST102659,38,44526.85,641,Unemployed,Midwest,2026-06-18
CUST102660,23,28137.99,772,Full-time,West,2025-05-20
CUST102661,26,60213.45,672,Full-time,Northeast,2026-07-23
CUST102662,30,30344.53,639,Full-time,Midwest,2026-07-31
CUST102663,19,27136.29,775,Part-time,Southeast,2024-05-06
CUST102664,29,31442.75,638,Unemployed,Northeast,2025-05-07
CUST102665,35,65099.89,827,Full-time,Southwest,2025-06-27
CUST102666,30,37806.7,621,Full-time,Southwest,2026-05-18
CUST102667,31,29362.36,584,Student,West,2024-09-28
CUST102668,33,60885.39,647,Part-time,Northeast,2025-05-26
CUST102669,27,105265.06,641,Full-time,Northeast,2026-02-03
CUST102670,40,44106.27,599,Unemployed,Midwest,2024-10-27
CUST102671,48,69928.54,850,Full-time,West,2026-01-19
CUST102672,29,63974.19,683,Full-time,West,2025-06-02
CUST102673,38,30560.45,694,Full-time,Southwest,2025-04-13
CUST102674,31,40618.76,625,Part-time,West,2025-12-14
CUST102675,37,22535.68,616,Full-time,West,2024-07-12
CUST102676,49,36598.99,736,Student,Southeast,2024-12-09
CUST102677,39,30279.14,534,Full-time,Midwest,2025-12-05
CUST102678,18,33479.93,574,Student,Southwest,2026-03-30
CUST102679,38,28639.65,641,Full-time,Southeast,2025-10-31
CUST102680,46,35270.65,761,Full-time,West,2025-07-05
CUST102681,31,50996.11,631,Full-time,Southwest,2025-04-21
CUST102682,43,38033.73,691,Full-time,Midwest,2025-08-30
CUST102683,27,17344.52,662,Full-time,Midwest,2026-07-10
CUST102684,19,28688.33,757,Unemployed,Southwest,2025-01-02
CUST102685,35,20257.3,541,Self-employed,Southeast,2025-09-18
CUST102686,18,44793.89,715,Self-employed,Southeast,2025-10-26
CUST102687,31,50336.86,645,Full-time,Midwest,2025-04-17
CUST102688,46,45046.33,729,Unemployed,Northeast,2024-08-17
CUST102689,18,28160.29,598,Full-time,Midwest,2026-08-09
CUST102690,21,44850.24,661,Self-employed,Midwest,2024-04-30
CUST102691,23,32482.23,652,Self-employed,Midwest,2025-02-04
CUST102692,33,24047.79,584,Full-time,Midwest,2025-04-25
CUST102693,30,56042.66,563,Full-time,West,2026-06-30
CUST102694,47,57995.02,616,Student,Southeast,2024-12-03
CUST102695,43,61512.95,669,Full-time,Midwest,2024-11-25
CUST102696,38,30523.22,603,Self-employed,Southwest,2025-04-13
CUST102697,35,68235.01,635,Student,Southeast,2024-09-15
CUST102698,37,32141.01,518,Full-time,Southwest,2024-08-14
CUST102699,25,53856.35,632,Full-time,West,2024-08-14
CUST102700,42,31891.32,736,Full-time,Southeast,2025-11-02
CUST102701,22,36286.75,712,Self-employed,Southeast,2025-01-05
CUST102702,42,15000.0,653,Full-time,Northeast,2026-06-25
CUST102703,45,35036.27,678,Full-time,Northeast,2025-04-12
CUST102704,36,41814.17,597,Full-time,Southeast,2026-04-09
CUST102705,32,33372.17,781,Student,West,2025-11-19
CUST102706,38,88458.13,815,Unemployed,Southeast,2025-01-02
CUST102707,18,23786.9,672,Part-time,West,2025-08-09
CUST102708,37,31144.36,850,Student,West,2024-07-23
CUST102709,32,26710.37,608,Part-time,Southwest,2026-05-30
CUST102710,33,31141.62,566,Student,West,2024-04-20
CUST102711,41,63840.04,606,Full-time,Midwest,2024-12-06
CUST102712,33,78050.73,643,Full-time,West,2025-08-04
CUST102713,22,29279.51,833,Unemployed,Midwest,2026-07-23
CUST102714,32,28988.27,638,Full-time,Northeast,2026-07-08
CUST102715,34,23844.1,595,Full-time,West,2025-08-19
CUST102716,35,72245.72,592,Self-employed,West,2025-04-02
CUST102717,35,66466.41,745,Part-time,West,2025-05-30
CUST102718,44,38265.66,734,Full-time,Midwest,2025-11-28
CUST102719,23,21413.04,623,Full-time,Northeast,2025-01-25
CUST102720,35,22292.42,519,Full-time,Midwest,2025-02-25
CUST102721,46,43337.92,575,Full-time,West,2025-10-19
CUST102722,18,51390.16,789,Full-time,West,2025-11-03
CUST102723,35,15839.07,711,Full-time,Southwest,2025-07-24
CUST102724,28,34731.78,664,Self-employed,Southwest,2024-11-05
CUST102725,30,83136.0,800,Full-time,Northeast,2025-03-20
CUST102726,24,36392.6,806,Full-time,Southwest,2026-04-25
CUST102727,32,78459.44,657,Part-time,Northeast,2024-06-01
CUST102728,52,53748.48,658,Full-time,Southwest,2026-02-19
CUST102729,21,24638.71,616,Full-time,Northeast,2025-01-06
CUST102730,22,35182.28,638,Full-time,Midwest,2026-07-30
CUST102731,20,37876.55,548,Part-time,West,2026-01-04
CUST102732,51,26143.86,548,Full-time,Northeast,2025-04-09
CUST102733,29,25940.47,530,Full-time,Midwest,2024-08-06
CUST102734,33,79066.6,741,Part-time,Northeast,2025-04-11
CUST102735,29,25853.15,542,Self-employed,Southwest,2026-06-27
CUST102736,24,65205.31,806,Self-employed,West,2024-05-04
CUST102737,31,32977.54,605,Student,Northeast,2025-12-20
CUST102738,58,39674.43,790,Part-time,Midwest,2025-09-30
CUST102739,47,51680.2,632,Full-time,Southwest,2026-05-11
CUST102740,25,30657.99,542,Full-time,Northeast,2024-12-16
CUST102741,40,51821.32,756,Full-time,Midwest,2025-07-21
CUST102742,25,15980.21,765,Full-time,Northeast,2026-02-03
CUST102743,18,48916.42,592,Full-time,West,2025-02-05
CUST102744,44,15000.0,635,Full-time,Midwest,2026-02-24
CUST102745,45,36240.01,592,Self-employed,Midwest,2025-05-09
CUST102746,44,58947.9,650,Part-time,West,2025-01-13
CUST102747,29,53105.35,668,Full-time,Southwest,2024-09-07
CUST102748,32,22375.35,633,Full-time,Southeast,2024-12-17
CUST102749,41,23709.97,523,Full-time,Southwest,2025-04-07
CUST102750,37,29439.65,616,Full-time,Southeast,2026-07-15
CUST102751,30,43642.95,712,Full-time,Midwest,2026-01-23
CUST102752,18,16084.8,644,Full-time,West,2025-03-29
CUST102753,35,39896.72,635,Full-time,West,2025-05-04
CUST102754,44,46172.66,590,Student,West,2025-05-06
CUST102755,22,35335.14,614,Full-time,Midwest,2024-11-12
CUST102756,40,50837.75,765,Part-time,West,2024-06-17
CUST102757,37,44385.84,574,Full-time,West,2025-06-02
CUST102758,41,31453.19,714,Full-time,Midwest,2026-04-18
CUST102759,42,16792.96,663,Full-time,Northeast,2025-07-25
CUST102760,27,42618.17,678,Student,Northeast,2026-01-06
CUST102761,18,26137.23,605,Full-time,Southwest,2025-05-10
CUST102762,28,30938.17,633,Full-time,West,2025-03-18
CUST102763,42,49791.82,659,Student,West,2025-04-24
CUST102764,28,75947.68,620,Full-time,Southeast,2025-03-25
CUST102765,27,39453.3,684,Full-time,West,2025-11-16
CUST102766,18,51499.59,694,Part-time,West,2026-03-13
CUST102767,51,20951.89,822,Full-time,Midwest,2024-07-31
CUST102768,42,44823.4,680,Student,Southeast,2025-08-29
CUST102769,41,39067.35,516,Full-time,Midwest,2026-02-14
CUST102770,43,69783.47,747,Self-employed,Southwest,2024-03-31
CUST102771,39,31470.12,644,Full-time,West,2026-07-16
CUST102772,31,35999.6,810,Self-employed,Northeast,2025-10-16
CUST102773,32,64632.1,770,Self-employed,Southeast,2024-11-06
CUST102774,29,38506.59,622,Self-employed,Northeast,2025-08-21
CUST102775,60,24367.89,714,Unemployed,West,2024-08-11
CUST102776,39,126530.03,615,Self-employed,Midwest,2025-10-05
CUST102777,29,24701.85,660,Full-time,Southeast,2025-01-31
CUST102778,38,38983.16,710,Full-time,Southeast,2025-08-07
CUST102779,23,46911.1,743,Full-time,Northeast,2025-07-02
CUST102780,49,45271.27,727,Full-time,Midwest,2025-06-06
CUST102781,27,36850.16,665,Full-time,Southwest,2024-04-17
CUST102782,39,36932.89,846,Self-employed,Southeast,2024-10-21
CUST102783,44,36108.39,632,Self-employed,Midwest,2025-09-25
CUST102784,37,24290.24,539,Student,Southwest,2025-08-16
CUST102785,34,105619.54,553,Full-time,Southeast,2025-08-25
CUST102786,34,36351.98,770,Self-employed,Southwest,2024-11-11
CUST102787,33,52502.65,654,Self-employed,Southeast,2025-03-17
CUST102788,28,34523.87,671,Student,Midwest,2025-05-06
CUST102789,29,34212.84,619,Self-employed,West,2025-08-04
CUST102790,48,32697.38,626,Full-time,West,2025-09-01
CUST102791,32,19981.65,600,Full-time,Midwest,2025-04-17
CUST102792,26,37336.27,695,Student,Southeast,2024-08-20
CUST102793,28,33417.89,652,Self-employed,West,2024-04-25
CUST102794,45,67994.77,692,Self-employed,Midwest,2026-06-21
CUST102795,40,23423.26,685,Self-employed,Southeast,2026-01-19
CUST102796,39,30954.81,628,Self-employed,Midwest,2024-12-25
CUST102797,31,26787.8,550,Self-employed,Midwest,2026-04-06
CUST102798,39,76813.73,544,Student,West,2025-02-28
CUST102799,27,27140.06,850,Unemployed,Southeast,2025-08-10
CUST102800,31,51690.79,770,Full-time,Northeast,2026-03-01
CUST102801,43,62104.43,760,Full-time,Midwest,2025-06-01
CUST102802,42,37580.65,609,Full-time,West,2025-05-28
CUST102803,24,21599.71,660,Full-time,Northeast,2024-12-01
CUST102804,25,21723.08,598,Self-employed,West,2024-08-25
CUST102805,35,59094.54,561,Self-employed,Northeast,2024-05-04
CUST102806,51,22759.38,615,Full-time,Midwest,2025-07-27
CUST102807,18,47878.03,759,Full-time,Midwest,2024-12-22
CUST102808,36,42254.12,723,Full-time,Northeast,2024-09-28
CUST102809,20,47558.21,587,Self-employed,Southwest,2024-04-07
CUST102810,27,49623.17,636,Part-time,Northeast,2025-01-25
CUST102811,30,26366.46,716,Full-time,Midwest,2026-01-11
CUST102812,29,25874.48,617,Full-time,Midwest,2025-10-20
CUST102813,28,55365.79,665,Part-time,Midwest,2026-02-13
CUST102814,34,30236.19,690,Full-time,Northeast,2026-02-22
CUST102815,28,15000.0,689,Self-employed,Midwest,2025-11-20
CUST102816,19,53741.45,679,Student,Southwest,2025-06-06
CUST102817,41,25176.91,610,Full-time,Midwest,2024-09-28
CUST102818,41,49523.92,618,Full-time,Southwest,2025-12-03
CUST102819,42,75114.57,574,Full-time,Southwest,2026-03-04
CUST102820,18,40438.72,542,Full-time,Northeast,2026-04-25
CUST102821,36,62824.14,651,Full-time,West,2026-02-24
CUST102822,40,43010.9,721,Full-time,West,2025-08-02
CUST102823,23,81989.23,556,Full-time,West,2025-08-20
CUST102824,34,24885.78,680,Self-employed,West,2025-09-01
CUST102825,32,39986.74,718,Full-time,Southeast,2025-11-10
CUST102826,52,54334.94,522,Self-employed,Southwest,2025-07-15
CUST102827,53,36839.09,639,Full-time,Midwest,2025-01-28
CUST102828,18,67406.62,783,Full-time,West,2026-07-06
CUST102829,58,33043.57,701,Full-time,West,2024-06-30
CUST102830,24,101845.99,519,Full-time,Northeast,2025-11-21
CUST102831,43,104296.06,709,Full-time,West,2026-04-15
CUST102832,43,45566.7,603,Self-employed,Southwest,2026-03-15
CUST102833,24,51465.68,711,Unemployed,Midwest,2025-04-25
CUST102834,38,68614.02,608,Full-time,Midwest,2025-05-17
CUST102835,32,23523.64,656,Full-time,Midwest,2026-05-29
CUST102836,39,22238.94,619,Full-time,Southwest,2025-06-05
CUST102837,36,70642.59,660,Self-employed,Southwest,2026-02-02
CUST102838,45,45401.25,617,Full-time,Midwest,2024-06-12
CUST102839,34,36245.58,643,Full-time,West,2025-11-18
CUST102840,32,40336.24,571,Unemployed,Southeast,2024-03-27
CUST102841,44,15000.0,696,Unemployed,Midwest,2025-03-28
CUST102842,39,36836.59,673,Part-time,Midwest,2024-04-26
CUST102843,41,28599.06,538,Full-time,Northeast,2025-04-18
CUST102844,27,60665.61,734,Full-time,Midwest,2026-04-26
CUST102845,23,62803.36,646,Full-time,West,2025-01-31
CUST102846,28,52026.38,672,Part-time,Southwest,2025-06-24
CUST102847,27,47952.03,717,Self-employed,Southwest,2024-08-31
CUST102848,41,20459.32,684,Full-time,Northeast,2025-09-07
CUST102849,43,52354.3,747,Unemployed,Northeast,2026-03-04
CUST102850,32,53275.35,638,Full-time,Midwest,2026-05-07
CUST102851,48,70286.62,737,Self-employed,Southeast,2024-11-05
CUST102852,47,104109.07,669,Full-time,Northeast,2026-01-23
CUST102853,36,18738.73,698,Full-time,Midwest,2025-01-10
CUST102854,25,33697.72,690,Full-time,Southwest,2026-04-19
CUST102855,49,28738.13,753,Self-employed,Southwest,2026-06-05
CUST102856,33,43374.55,714,Full-time,Northeast,2024-12-03
CUST102857,35,40377.62,626,Full-time,Southwest,2025-10-18
CUST102858,30,36122.21,611,Self-employed,Southeast,2025-04-07
CUST102859,25,63730.72,656,Self-employed,Northeast,2026-07-20
CUST102860,19,24449.46,602,Part-time,Midwest,2026-03-03
CUST102861,40,25121.9,581,Part-time,Southeast,2026-05-27
CUST102862,26,25313.64,500,Part-time,Southwest,2025-12-13
CUST102863,64,34127.29,543,Part-time,Southwest,2025-12-10
CUST102864,23,23089.53,808,Full-time,Southwest,2025-09-22
CUST102865,21,39267.12,610,Full-time,Northeast,2026-01-14
CUST102866,39,37254.55,802,Full-time,Southeast,2025-07-12
CUST102867,49,28171.56,690,Full-time,Midwest,2024-06-21
CUST102868,34,59468.07,656,Full-time,West,2026-05-31
CUST102869,39,39074.48,547,Full-time,Midwest,2024-06-27
CUST102870,18,64743.68,660,Full-time,Southwest,2025-08-20
CUST102871,27,36762.28,801,Self-employed,Southeast,2025-03-29
CUST102872,23,39700.23,776,Self-employed,Southeast,2025-01-06
CUST102873,18,31155.56,680,Part-time,Southwest,2024-11-12
CUST102874,35,40007.77,573,Student,West,2024-05-14
CUST102875,18,55298.67,588,Full-time,Northeast,2024-03-27
CUST102876,20,33352.89,596,Full-time,Midwest,2026-05-20
CUST102877,28,50679.94,755,Full-time,Southwest,2025-08-22
CUST102878,25,27840.97,782,Full-time,Northeast,2025-05-02
CUST102879,37,56476.1,674,Full-time,Southwest,2025-05-16
CUST102880,37,30916.41,637,Unemployed,Midwest,2024-04-03
CUST102881,42,58879.95,776,Full-time,Midwest,2025-01-24
CUST102882,41,41251.36,586,Full-time,Midwest,2025-08-28
CUST102883,45,79572.93,663,Full-time,West,2024-06-04
CUST102884,33,23876.97,694,Full-time,Northeast,2024-11-16
CUST102885,37,20655.16,595,Self-employed,Southeast,2024-09-19
CUST102886,39,30415.34,612,Part-time,Southeast,2025-02-14
CUST102887,35,21524.03,606,Self-employed,West,2026-06-18
CUST102888,30,21542.2,766,Part-time,Midwest,2024-04-21
CUST102889,30,53087.56,803,Full-time,Northeast,2024-12-01
CUST102890,25,40059.44,668,Full-time,Northeast,2026-04-06
CUST102891,38,32342.7,639,Self-employed,West,2026-01-06
CUST102892,33,33720.69,615,Full-time,Northeast,2025-10-21
CUST102893,27,30676.22,660,Full-time,Northeast,2026-01-04
CUST102894,27,84344.6,618,Full-time,Midwest,2025-02-19
CUST102895,21,28825.69,652,Part-time,Midwest,2025-04-24
CUST102896,43,22137.75,690,Full-time,Southeast,2026-02-10
CUST102897,34,57424.3,629,Student,Northeast,2024-12-16
CUST102898,25,36421.33,645,Full-time,Northeast,2025-12-07
CUST102899,42,100453.29,646,Full-time,Midwest,2026-03-28
CUST102900,28,31672.61,636,Full-time,West,2024-05-03
CUST102901,19,58729.23,626,Full-time,Northeast,2025-11-13
CUST102902,44,65315.77,717,Full-time,Midwest,2026-01-23
CUST102903,28,31742.09,527,Self-employed,Northeast,2024-11-28
CUST102904,29,28729.67,778,Full-time,Southwest,2024-10-18
CUST102905,34,56028.45,670,Full-time,Northeast,2026-04-03
CUST102906,45,51984.53,705,Full-time,Southeast,2026-06-26
CUST102907,34,21273.67,714,Full-time,Northeast,2024-08-04
CUST102908,22,24153.97,606,Student,Southwest,2025-06-01
CUST102909,39,15000.0,591,Full-time,Southwest,2025-07-13
CUST102910,29,52466.18,582,Self-employed,Northeast,2025-08-13
CUST102911,52,35674.01,641,Full-time,Midwest,2025-03-22
CUST102912,33,37310.58,712,Full-time,Southeast,2025-01-05
CUST102913,18,18748.15,616,Self-employed,Northeast,2026-06-05
CUST102914,37,24485.93,705,Full-time,Northeast,2025-12-26
CUST102915,53,32367.77,482,Unemployed,West,2024-05-05
CUST102916,49,29657.0,631,Full-time,Southwest,2026-03-21
CUST102917,52,42320.47,747,Full-time,Southwest,2024-06-15
CUST102918,23,52185.54,647,Unemployed,Southeast,2025-08-29
CUST102919,43,111449.37,597,Full-time,Southeast,2026-03-01
CUST102920,26,39774.94,610,Student,Southwest,2025-03-14
CUST102921,36,66299.07,432,Student,Midwest,2025-01-14
CUST102922,21,27625.99,584,Full-time,Northeast,2025-10-13
CUST102923,27,18887.85,739,Full-time,Midwest,2024-09-22
CUST102924,27,34250.77,616,Self-employed,Midwest,2026-06-19
CUST102925,42,19555.76,625,Full-time,Midwest,2026-04-29
CUST102926,42,40400.72,485,Self-employed,Midwest,2025-02-19
CUST102927,36,28248.5,537,Full-time,West,2025-03-29
CUST102928,20,16656.87,749,Full-time,Southeast,2024-12-13
CUST102929,30,87659.15,706,Full-time,Midwest,2024-08-04
CUST102930,26,31511.17,562,Self-employed,West,2024-05-26
CUST102931,42,19207.79,612,Self-employed,West,2025-05-30
CUST102932,45,60124.78,657,Part-time,West,2025-06-03
CUST102933,44,28915.22,570,Full-time,Southwest,2024-06-01
CUST102934,26,65550.41,509,Full-time,Northeast,2024-04-30
CUST102935,18,28853.1,648,Full-time,West,2026-07-03
CUST102936,18,31463.9,702,Full-time,Northeast,2025-05-30
CUST102937,48,46871.93,704,Full-time,Midwest,2024-06-05
CUST102938,29,52415.03,725,Part-time,Midwest,2026-06-30
CUST102939,26,56716.34,543,Full-time,Southwest,2024-04-15
CUST102940,50,38546.34,664,Full-time,Southwest,2024-10-31
CUST102941,46,50913.2,639,Part-time,Southwest,2026-03-31
CUST102942,34,56136.02,653,Full-time,Southeast,2025-02-02
CUST102943,31,43925.76,644,Student,Southwest,2025-08-04
CUST102944,32,37639.29,610,Full-time,Southwest,2025-10-27
CUST102945,36,20944.2,433,Full-time,Northeast,2025-02-19
CUST102946,50,52555.68,747,Unemployed,Southwest,2024-11-12
CUST102947,38,40903.8,684,Part-time,Northeast,2024-06-27
CUST102948,41,33318.66,548,Self-employed,Midwest,2025-08-15
CUST102949,45,71324.48,695,Full-time,Southeast,2026-03-28
CUST102950,22,21109.42,626,Full-time,Southeast,2024-07-23
CUST102951,41,84104.58,628,Part-time,Southeast,2025-10-27
CUST102952,31,39734.58,602,Full-time,West,2024-10-22
CUST102953,18,46299.35,700,Part-time,West,2024-09-18
CUST102954,18,33598.28,600,Full-time,Southwest,2026-06-24
CUST102955,23,18954.89,577,Full-time,Southwest,2025-08-22
CUST102956,39,37690.96,744,Full-time,Southeast,2026-06-01
CUST102957,35,46659.66,646,Self-employed,Northeast,2025-03-05
CUST102958,35,54409.9,648,Full-time,Midwest,2024-09-21
CUST102959,53,36712.96,711,Student,Midwest,2025-04-13
CUST102960,21,15000.0,609,Full-time,Southeast,2025-11-05
CUST102961,33,20055.37,624,Full-time,Southeast,2024-04-19
CUST102962,37,101053.85,682,Full-time,Northeast,2026-05-31
CUST102963,26,24547.34,544,Part-time,West,2026-04-12
CUST102964,34,76280.47,676,Self-employed,Southeast,2025-09-29
CUST102965,18,26361.53,603,Full-time,West,2024-05-10
CUST102966,48,36971.21,724,Full-time,Southwest,2024-06-26
CUST102967,27,53175.0,700,Self-employed,Northeast,2025-04-10
CUST102968,54,27747.82,691,Full-time,Northeast,2024-05-07
CUST102969,33,82166.0,539,Part-time,Midwest,2024-06-18
CUST102970,44,41526.11,652,Self-employed,Northeast,2025-03-21
CUST102971,33,49384.06,571,Full-time,West,2026-05-03
CUST102972,33,35581.35,657,Part-time,West,2024-06-22
CUST102973,28,53982.98,486,Self-employed,Southwest,2025-02-01
CUST102974,35,81671.2,544,Full-time,Southeast,2026-04-13
CUST102975,37,37832.41,749,Full-time,West,2024-08-13
CUST102976,26,87410.51,687,Full-time,Southwest,2025-09-01
CUST102977,32,30478.66,633,Self-employed,Southeast,2024-09-28
CUST102978,27,56604.47,591,Part-time,West,2025-12-29
CUST102979,56,50016.16,578,Full-time,Southeast,2026-08-05
CUST102980,33,24813.37,675,Full-time,Midwest,2025-07-15
CUST102981,49,44188.26,634,Full-time,Southwest,2025-07-16
CUST102982,32,40268.09,775,Full-time,West,2024-07-23
CUST102983,36,27338.84,646,Full-time,Northeast,2026-05-05
CUST102984,20,47150.56,664,Full-time,Southeast,2024-06-10
CUST102985,29,42865.83,555,Full-time,West,2026-04-03
CUST102986,36,38845.05,632,Part-time,Midwest,2024-05-22
CUST102987,49,38915.2,673,Part-time,Southwest,2024-12-07
CUST102988,36,38541.67,632,Full-time,Southwest,2025-10-04
CUST102989,47,34014.26,623,Part-time,Southeast,2024-05-03
CUST102990,40,42741.49,684,Full-time,Southeast,2025-10-05
CUST102991,50,30038.6,773,Full-time,Midwest,2025-02-08
CUST102992,33,132662.59,670,Student,Northeast,2026-07-30
CUST102993,57,21285.9,745,Full-time,Southwest,2026-05-16
CUST102994,29,30849.28,706,Full-time,Northeast,2025-10-10
CUST102995,26,31965.61,741,Full-time,West,2026-01-13
CUST102996,21,100531.06,614,Part-time,Southwest,2026-01-28
CUST102997,57,22157.68,644,Full-time,Southeast,2025-09-18
CUST102998,42,48613.91,644,Student,Northeast,2025-03-02
CUST102999,30,44881.34,700,Full-time,Southwest,2026-04-26
CUST103000,46,46635.67,719,Full-time,Midwest,2024-10-28
CUST103001,40,70007.27,669,Full-time,Northeast,2024-08-06
CUST103002,53,69364.0,725,Part-time,Midwest,2024-08-16
CUST103003,18,32763.47,617,Full-time,West,2026-02-25
CUST103004,31,43796.44,726,Student,Southwest,2024-07-08
CUST103005,29,17346.64,736,Unemployed,Southwest,2026-04-23
CUST103006,18,41965.03,710,Full-time,Midwest,2026-05-12
CUST103007,44,28076.96,670,Full-time,Northeast,2024-11-20
CUST103008,31,36905.94,713,Full-time,West,2024-10-21
CUST103009,41,18799.45,592,Part-time,Southwest,2026-04-25
CUST103010,57,48155.59,674,Part-time,Midwest,2025-08-17
CUST103011,30,18704.96,682,Full-time,Southwest,2025-08-22
CUST103012,29,42904.33,560,Student,Southeast,2024-11-23
CUST103013,35,23111.2,695,Full-time,Southwest,2025-05-22
CUST103014,43,27382.56,566,Self-employed,West,2025-03-09
CUST103015,28,67482.9,627,Self-employed,Southeast,2026-06-05
CUST103016,27,52290.14,662,Full-time,Northeast,2024-04-16
CUST103017,44,67315.2,605,Full-time,Southwest,2025-04-17
CUST103018,37,80973.5,666,Full-time,West,2025-01-09
CUST103019,18,28345.47,664,Unemployed,West,2025-06-22
CUST103020,21,78789.68,598,Full-time,West,2026-01-11
CUST103021,49,20754.58,702,Self-employed,Southeast,2025-01-09
CUST103022,38,56147.93,602,Full-time,West,2025-12-06
CUST103023,26,32144.54,831,Full-time,Southeast,2026-02-04
CUST103024,32,26406.49,651,Unemployed,Midwest,2025-04-20
CUST103025,34,52918.67,572,Full-time,West,2025-10-07
CUST103026,41,61403.87,586,Self-employed,West,2024-06-26
CUST103027,20,60589.13,746,Full-time,Southwest,2025-01-17
CUST103028,25,44209.15,629,Full-time,Midwest,2025-09-23
CUST103029,36,42590.26,557,Full-time,Midwest,2026-07-14
CUST103030,33,50873.12,724,Full-time,West,2025-10-21
CUST103031,39,46013.67,628,Self-employed,West,2026-05-05
CUST103032,21,51205.9,709,Full-time,Southeast,2026-02-04
CUST103033,37,43993.61,730,Full-time,Northeast,2025-12-10
CUST103034,44,58644.71,680,Full-time,West,2025-01-23
CUST103035,38,19298.0,839,Part-time,West,2026-05-13
CUST103036,35,37832.62,530,Self-employed,Northeast,2026-03-26
CUST103037,33,21531.43,598,Part-time,Midwest,2026-07-10
CUST103038,25,45456.72,640,Student,Midwest,2024-06-07
CUST103039,33,84024.91,829,Full-time,Northeast,2024-04-06
CUST103040,46,32424.25,794,Full-time,Southwest,2025-11-27
CUST103041,32,42500.17,756,Full-time,West,2025-07-13
CUST103042,25,56410.98,600,Full-time,Southeast,2025-11-24
CUST103043,29,15827.82,609,Part-time,Southwest,2025-05-06
CUST103044,36,31731.03,597,Self-employed,Northeast,2025-04-21
CUST103045,30,47288.96,601,Full-time,Southeast,2026-01-04
CUST103046,38,15000.0,771,Unemployed,Midwest,2025-01-29
CUST103047,39,25859.57,641,Full-time,West,2026-08-07
CUST103048,42,65866.56,651,Part-time,West,2025-01-30
CUST103049,48,63028.9,718,Full-time,West,2024-10-29
CUST103050,43,47498.02,535,Part-time,West,2026-06-28
CUST103051,24,59694.13,663,Full-time,West,2024-11-22
CUST103052,24,44214.01,577,Student,Southeast,2024-11-10
CUST103053,33,51530.43,637,Student,Northeast,2024-04-19
CUST103054,29,34820.3,616,Full-time,West,2024-09-11
CUST103055,22,42281.96,612,Full-time,Northeast,2026-07-26
CUST103056,29,30195.05,676,Part-time,Midwest,2026-06-03
CUST103057,29,70867.52,676,Part-time,Southwest,2026-04-16
CUST103058,27,79594.62,643,Full-time,Northeast,2025-03-25
CUST103059,30,74679.49,687,Part-time,West,2024-12-02
CUST103060,45,33401.33,594,Unemployed,Southeast,2025-01-18
CUST103061,35,26129.02,711,Part-time,Southeast,2025-10-30
CUST103062,58,71299.04,644,Full-time,Southeast,2026-02-20
CUST103063,35,51264.73,623,Unemployed,Midwest,2026-06-19
CUST103064,31,46530.48,600,Full-time,Midwest,2025-09-22
CUST103065,34,30177.91,641,Full-time,Northeast,2025-11-25
CUST103066,36,48608.26,800,Student,Northeast,2025-11-22
CUST103067,38,24627.65,655,Full-time,Midwest,2026-05-29
CUST103068,54,53387.29,574,Full-time,Southeast,2025-12-03
CUST103069,25,74645.01,728,Part-time,Southwest,2024-08-15
CUST103070,42,83614.35,624,Self-employed,West,2026-01-16
CUST103071,36,55206.49,681,Full-time,Northeast,2024-07-12
CUST103072,18,21549.12,614,Full-time,Northeast,2026-05-30
CUST103073,41,43861.78,756,Full-time,Southwest,2025-02-05
CUST103074,46,105119.89,615,Full-time,Northeast,2026-05-12
CUST103075,25,27149.8,764,Full-time,Southwest,2025-09-12
CUST103076,33,39080.09,581,Full-time,Midwest,2024-05-06
CUST103077,18,75817.62,638,Student,Midwest,2024-10-14
CUST103078,21,52982.15,764,Part-time,Southwest,2025-05-24
CUST103079,44,122525.0,672,Self-employed,West,2025-02-10
CUST103080,29,28859.91,830,Unemployed,Northeast,2025-01-16
CUST103081,22,25709.35,639,Student,Northeast,2024-09-23
CUST103082,36,69623.43,679,Self-employed,Southwest,2025-03-16
CUST103083,28,23431.92,802,Full-time,Northeast,2025-05-26
CUST103084,29,36733.87,546,Self-employed,Midwest,2026-06-09
CUST103085,41,38966.56,537,Full-time,Midwest,2024-05-02
CUST103086,22,63971.65,600,Full-time,Southeast,2025-04-08
CUST103087,24,52913.86,721,Full-time,Midwest,2025-12-04
CUST103088,35,49299.99,539,Full-time,Northeast,2026-04-18
CUST103089,43,33486.78,704,Full-time,Southeast,2025-03-06
CUST103090,46,69338.24,699,Self-employed,Northeast,2024-10-02
CUST103091,27,245639.63,811,Full-time,West,2024-09-09
CUST103092,43,54779.81,738,Full-time,West,2024-07-04
CUST103093,26,41975.97,687,Full-time,Southeast,2024-06-27
CUST103094,52,22380.87,761,Unemployed,Northeast,2025-02-17
CUST103095,22,30125.68,700,Full-time,Southeast,2024-05-12
CUST103096,47,36454.87,625,Full-time,West,2026-06-10
CUST103097,27,31553.19,574,Self-employed,West,2025-09-04
CUST103098,54,39845.51,617,Self-employed,Southwest,2025-06-19
CUST103099,39,89331.3,656,Full-time,West,2024-12-13
CUST103100,23,70349.09,673,Part-time,Northeast,2025-11-26
CUST103101,28,37366.33,499,Full-time,Midwest,2025-12-04
CUST103102,41,23301.52,643,Student,Southwest,2024-06-19
CUST103103,44,73263.33,662,Part-time,Northeast,2025-01-26
CUST103104,33,39258.59,701,Self-employed,Midwest,2025-02-07
CUST103105,34,18454.71,782,Full-time,Southeast,2026-03-06
CUST103106,41,55303.61,673,Part-time,Northeast,2025-06-04
CUST103107,35,63675.75,591,Full-time,Southeast,2025-08-12
CUST103108,21,15000.0,523,Full-time,West,2025-02-20
CUST103109,25,27693.43,711,Part-time,Midwest,2024-06-04
CUST103110,36,38188.73,594,Self-employed,Northeast,2025-12-14
CUST103111,46,55855.87,725,Full-time,Southwest,2024-09-07
CUST103112,50,31822.03,764,Unemployed,Midwest,2025-02-08
CUST103113,41,27599.04,544,Full-time,Southeast,2025-06-08
CUST103114,36,55671.64,701,Part-time,Southeast,2024-05-09
CUST103115,41,32508.44,756,Full-time,Midwest,2026-04-08
CUST103116,27,51222.01,736,Full-time,West,2024-12-31
CUST103117,32,24338.58,502,Unemployed,Southwest,2025-09-01
CUST103118,25,21838.95,595,Full-time,Midwest,2024-12-28
CUST103119,21,56380.08,563,Unemployed,Southeast,2026-04-15
CUST103120,37,44964.74,699,Full-time,Northeast,2024-11-11
CUST103121,35,60785.41,690,Part-time,Northeast,2026-06-15
CUST103122,40,31581.7,457,Full-time,Northeast,2025-10-14
CUST103123,39,28062.87,637,Part-time,West,2024-06-16
CUST103124,36,74037.24,720,Unemployed,Midwest,2025-02-09
CUST103125,39,20224.87,671,Part-time,Northeast,2025-06-12
CUST103126,33,70485.15,670,Full-time,West,2025-10-30
CUST103127,38,72709.48,632,Self-employed,Northeast,2026-05-28
CUST103128,26,59103.2,580,Self-employed,Southwest,2026-05-09
CUST103129,37,29451.1,658,Full-time,Northeast,2024-11-28
CUST103130,40,27793.69,663,Part-time,Midwest,2025-12-18
CUST103131,27,36514.87,706,Part-time,Midwest,2026-06-10
CUST103132,34,22409.32,712,Self-employed,West,2025-07-28
CUST103133,27,26036.06,666,Full-time,Southwest,2025-09-03
CUST103134,28,53644.3,742,Full-time,Midwest,2024-05-02
CUST103135,22,53755.81,631,Student,Midwest,2026-01-25
CUST103136,46,25026.52,551,Part-time,Southwest,2025-12-24
CUST103137,44,54407.37,695,Full-time,Midwest,2026-03-23
CUST103138,39,49238.76,669,Student,Southwest,2026-03-03
CUST103139,53,79177.61,697,Full-time,Midwest,2025-05-06
CUST103140,32,51850.06,565,Full-time,West,2026-02-01
CUST103141,64,64625.31,794,Self-employed,Northeast,2024-11-25
CUST103142,31,49745.98,713,Self-employed,Southwest,2024-09-01
CUST103143,36,62378.01,638,Student,West,2025-06-16
CUST103144,30,22489.35,589,Part-time,Southwest,2026-01-17
CUST103145,37,37995.2,740,Full-time,West,2024-08-29
CUST103146,42,39436.92,577,Full-time,Midwest,2024-04-25
CUST103147,32,35965.4,829,Full-time,Midwest,2024-06-06
CUST103148,51,49008.5,614,Student,Northeast,2024-06-04
CUST103149,36,53394.92,789,Full-time,Southeast,2024-09-10
CUST103150,36,47882.99,646,Full-time,Northeast,2024-11-09
CUST103151,24,37063.03,778,Full-time,Southwest,2024-05-03
CUST103152,38,28822.78,604,Full-time,Southwest,2025-10-22
CUST103153,32,65757.81,661,Full-time,Northeast,2024-05-27
CUST103154,27,46975.42,720,Part-time,West,2026-07-27
CUST103155,26,25377.64,709,Full-time,Southeast,2024-08-19
CUST103156,60,36784.82,742,Student,Southwest,2025-10-27
CUST103157,31,18315.72,623,Unemployed,West,2025-12-02
CUST103158,19,40778.77,666,Full-time,West,2025-01-03
CUST103159,27,36707.23,753,Unemployed,Northeast,2026-03-15
CUST103160,33,30992.17,607,Full-time,Northeast,2024-04-01
CUST103161,39,81884.92,702,Full-time,Northeast,2024-11-19
CUST103162,39,23854.56,643,Full-time,West,2026-07-28
CUST103163,40,55153.57,675,Self-employed,Midwest,2024-08-08
CUST103164,27,107368.13,666,Part-time,Northeast,2026-05-12
CUST103165,37,65171.05,600,Full-time,Midwest,2024-08-27
CUST103166,25,39569.25,640,Self-employed,Midwest,2024-09-05
CUST103167,27,24092.82,670,Self-employed,Midwest,2025-01-31
CUST103168,24,21743.54,652,Self-employed,Southwest,2025-03-09
CUST103169,22,33349.62,777,Full-time,Northeast,2024-08-22
CUST103170,44,29461.8,735,Self-employed,Southeast,2024-08-04
CUST103171,40,29033.45,681,Part-time,Southwest,2024-12-06
CUST103172,43,34653.67,602,Full-time,West,2026-03-18
CUST103173,34,38330.02,598,Self-employed,Southeast,2025-01-12
CUST103174,41,49928.41,808,Full-time,Midwest,2026-02-19
CUST103175,18,22994.07,584,Self-employed,West,2026-07-04
CUST103176,42,29524.93,668,Part-time,Southwest,2026-04-03
CUST103177,35,37352.22,687,Full-time,Southeast,2025-07-09
CUST103178,40,36755.08,636,Full-time,Midwest,2024-04-27
CUST103179,37,91710.36,584,Part-time,Northeast,2026-07-15
CUST103180,24,44556.39,601,Self-employed,Midwest,2026-06-10
CUST103181,19,19416.62,619,Self-employed,Midwest,2026-05-25
CUST103182,26,48444.86,606,Part-time,Northeast,2026-03-01
CUST103183,39,51305.27,759,Full-time,Southeast,2025-04-30
CUST103184,40,37937.39,659,Full-time,West,2024-08-29
CUST103185,20,23247.93,620,Self-employed,Southwest,2026-07-03
CUST103186,24,88532.47,668,Full-time,Midwest,2024-09-13
CUST103187,26,24798.84,710,Self-employed,Southeast,2024-06-10
CUST103188,30,54032.85,634,Full-time,Northeast,2026-06-05
CUST103189,20,43915.51,727,Full-time,Midwest,2025-07-18
CUST103190,19,52594.39,564,Part-time,Midwest,2024-09-04
CUST103191,25,86516.12,747,Part-time,Northeast,2024-12-13
CUST103192,34,51675.42,659,Part-time,West,2026-03-05
CUST103193,22,31213.35,656,Full-time,Midwest,2026-04-07
CUST103194,32,66018.91,608,Self-employed,Northeast,2025-07-22
CUST103195,44,30212.33,567,Full-time,Northeast,2024-08-06
CUST103196,20,43200.23,534,Self-employed,West,2024-05-10
CUST103197,31,22429.05,602,Part-time,Southeast,2025-06-24
CUST103198,44,25210.69,704,Full-time,Southeast,2025-05-10
CUST103199,29,41073.73,587,Part-time,Northeast,2025-04-14
CUST103200,28,47365.01,543,Part-time,West,2025-06-13
CUST103201,45,18656.02,591,Full-time,West,2025-01-26
CUST103202,30,50200.45,631,Part-time,Southeast,2025-12-18
CUST103203,45,27757.38,634,Full-time,Southwest,2025-05-01
CUST103204,38,71386.18,650,Unemployed,Midwest,2025-02-26
CUST103205,30,34255.97,737,Full-time,Northeast,2025-04-11
CUST103206,38,24206.34,753,Full-time,Southwest,2024-04-17
CUST103207,37,41527.54,810,Self-employed,Northeast,2024-11-04
CUST103208,44,26574.15,538,Full-time,West,2024-11-13
CUST103209,28,71041.91,595,Student,Northeast,2024-09-11
CUST103210,34,40144.41,712,Full-time,Southeast,2025-05-11
CUST103211,33,37486.85,625,Full-time,Southeast,2025-11-20
CUST103212,41,52381.59,724,Full-time,Southeast,2025-05-04
CUST103213,23,25534.19,675,Full-time,Midwest,2024-06-02
CUST103214,44,22468.75,778,Full-time,Southwest,2024-07-10
CUST103215,38,48231.05,738,Full-time,Southeast,2025-10-10
CUST103216,20,24468.65,739,Full-time,Midwest,2025-06-19
CUST103217,46,24464.92,629,Full-time,West,2025-12-20
CUST103218,56,58485.86,652,Full-time,Midwest,2026-08-03
CUST103219,44,50831.87,637,Full-time,Southwest,2025-11-16
CUST103220,48,22828.77,547,Full-time,Southeast,2026-05-18
CUST103221,34,30375.41,770,Full-time,Northeast,2025-10-06
CUST103222,18,26724.09,715,Full-time,Southeast,2026-06-28
CUST103223,18,89263.12,634,Full-time,Northeast,2025-11-11
CUST103224,36,60337.24,757,Full-time,West,2024-11-30
CUST103225,28,33210.45,612,Full-time,Northeast,2024-08-09
CUST103226,24,52015.01,522,Student,West,2024-07-02
CUST103227,33,21801.11,735,Full-time,Northeast,2025-04-12
CUST103228,40,29652.72,564,Full-time,Northeast,2025-04-25
CUST103229,19,42074.14,645,Part-time,Midwest,2024-04-24
CUST103230,29,49192.86,675,Full-time,Northeast,2025-04-17
CUST103231,49,38412.7,688,Full-time,Northeast,2026-06-01
CUST103232,23,44873.65,723,Self-employed,Southwest,2024-05-21
CUST103233,42,41574.88,703,Self-employed,Northeast,2025-02-25
CUST103234,29,37286.63,701,Student,Midwest,2025-01-11
CUST103235,39,35127.32,600,Student,Northeast,2026-05-22
CUST103236,44,33129.55,682,Part-time,Northeast,2025-07-01
CUST103237,41,44550.2,547,Part-time,Southwest,2025-07-10
CUST103238,43,48284.55,777,Full-time,Southeast,2024-09-04
CUST103239,22,43882.09,554,Unemployed,Northeast,2025-09-15
CUST103240,45,23614.86,634,Part-time,Southwest,2025-10-19
CUST103241,25,25603.45,561,Full-time,West,2024-12-29
CUST103242,36,48025.95,605,Full-time,Midwest,2026-07-31
CUST103243,36,77827.72,661,Part-time,Southeast,2024-11-03
CUST103244,38,42984.16,620,Full-time,West,2026-08-07
CUST103245,37,33347.87,745,Self-employed,Southeast,2026-01-18
CUST103246,25,44398.16,677,Full-time,Southwest,2025-06-07
CUST103247,20,24062.99,625,Self-employed,Midwest,2026-02-26
CUST103248,42,72332.18,649,Full-time,Southwest,2026-07-14
CUST103249,35,43650.38,751,Part-time,Midwest,2025-08-14
CUST103250,45,29695.31,728,Full-time,Midwest,2024-12-06
CUST103251,33,37232.68,574,Full-time,Midwest,2026-01-15
CUST103252,19,31660.77,608,Full-time,Southeast,2025-12-18
CUST103253,43,72420.99,695,Full-time,Midwest,2025-01-02
CUST103254,30,36643.52,686,Full-time,Northeast,2024-05-11
CUST103255,37,43041.27,581,Self-employed,Southeast,2025-05-20
CUST103256,27,51957.27,716,Full-time,Northeast,2025-04-14
CUST103257,50,28757.53,593,Self-employed,Southeast,2024-08-24
CUST103258,25,43790.37,757,Self-employed,Southeast,2026-06-17
CUST103259,30,45410.38,699,Full-time,Northeast,2024-04-12
CUST103260,35,19943.62,575,Unemployed,Southeast,2025-06-26
CUST103261,23,44968.32,620,Self-employed,Southwest,2025-09-19
CUST103262,37,39316.8,619,Self-employed,West,2025-02-22
CUST103263,50,42552.11,671,Self-employed,Southwest,2024-06-11
CUST103264,29,40783.52,644,Part-time,Southwest,2024-05-20
CUST103265,37,45099.5,574,Student,Southwest,2024-10-06
CUST103266,18,73262.52,555,Full-time,West,2025-06-19
CUST103267,33,23605.18,701,Full-time,West,2026-04-06
CUST103268,30,34407.56,681,Self-employed,Northeast,2026-03-01
CUST103269,25,54175.19,667,Full-time,Midwest,2024-08-16
CUST103270,44,49832.2,680,Part-time,West,2026-04-27
CUST103271,30,49351.95,613,Full-time,West,2025-06-21
CUST103272,32,138567.07,673,Full-time,Midwest,2025-08-24
CUST103273,30,52910.71,850,Unemployed,Midwest,2024-12-05
CUST103274,18,66764.18,748,Full-time,Northeast,2025-10-19
CUST103275,22,34955.03,638,Full-time,Midwest,2024-12-10
CUST103276,43,25672.85,620,Part-time,Midwest,2025-05-28
CUST103277,18,34841.24,445,Self-employed,Southwest,2024-07-04
CUST103278,26,55291.92,740,Self-employed,Midwest,2026-03-04
CUST103279,30,48197.99,718,Full-time,Southeast,2024-10-20
CUST103280,51,48120.48,619,Unemployed,West,2024-11-24
CUST103281,41,36444.47,552,Part-time,Southeast,2024-08-26
CUST103282,28,33920.97,573,Self-employed,Southeast,2025-06-13
CUST103283,47,37014.47,693,Full-time,Midwest,2025-11-07
CUST103284,26,55604.2,653,Full-time,Southeast,2025-05-21
CUST103285,44,58590.47,711,Full-time,Northeast,2024-04-19
CUST103286,20,25519.32,666,Part-time,Southwest,2026-02-25
CUST103287,44,56559.82,732,Full-time,Southeast,2025-01-15
CUST103288,29,29946.73,687,Full-time,West,2026-01-30
CUST103289,23,49563.74,722,Part-time,Southwest,2024-10-09
CUST103290,31,36813.33,503,Full-time,Midwest,2025-08-10
CUST103291,36,81194.67,567,Full-time,Midwest,2024-07-27
CUST103292,29,33251.87,632,Full-time,West,2026-03-24
CUST103293,39,43493.87,740,Unemployed,Northeast,2026-04-28
CUST103294,28,52731.43,801,Part-time,Southeast,2024-05-08
CUST103295,40,27084.54,647,Part-time,Northeast,2025-10-25
CUST103296,38,38840.33,614,Student,Northeast,2026-06-01
CUST103297,33,35597.72,513,Part-time,West,2024-08-16
CUST103298,29,31849.72,724,Full-time,Northeast,2025-08-18
CUST103299,35,32929.52,618,Part-time,West,2024-06-02
CUST103300,39,66198.07,850,Student,Southwest,2025-07-29
CUST103301,54,30658.1,604,Full-time,Southwest,2024-10-25
CUST103302,43,51786.44,817,Part-time,Southwest,2025-03-28
CUST103303,43,46238.49,716,Full-time,Northeast,2025-06-20
CUST103304,64,21404.55,582,Self-employed,Northeast,2025-06-17
CUST103305,39,50697.21,677,Part-time,Southeast,2026-01-07
CUST103306,38,21245.9,717,Student,Southwest,2024-11-11
CUST103307,41,53244.05,643,Part-time,Southeast,2025-05-14
CUST103308,23,31944.77,722,Full-time,Northeast,2026-08-12
CUST103309,29,40286.24,721,Full-time,Southwest,2025-09-02
CUST103310,28,22416.98,704,Unemployed,Southwest,2025-08-25
CUST103311,40,42407.14,658,Full-time,Midwest,2024-07-04
CUST103312,32,60908.48,571,Full-time,Midwest,2025-08-07
CUST103313,35,27913.5,654,Self-employed,Southwest,2025-04-07
CUST103314,44,30539.46,673,Full-time,Southwest,2026-06-02
CUST103315,42,49245.8,519,Full-time,Southeast,2025-09-06
CUST103316,32,49802.89,672,Full-time,Northeast,2025-12-09
CUST103317,27,15000.0,652,Full-time,West,2025-06-06
CUST103318,45,99402.53,562,Part-time,Northeast,2024-06-23
CUST103319,41,50911.75,635,Full-time,Midwest,2024-05-23
CUST103320,18,54918.93,636,Full-time,West,2025-12-07
CUST103321,30,37624.35,804,Self-employed,Midwest,2025-02-26
CUST103322,35,17415.07,676,Full-time,West,2024-05-05
CUST103323,41,54373.11,737,Part-time,Midwest,2026-01-26
CUST103324,43,31121.85,651,Full-time,Southwest,2025-07-28
CUST103325,36,51265.29,519,Full-time,Midwest,2025-06-04
CUST103326,39,36371.45,710,Part-time,Southeast,2026-08-11
CUST103327,34,44672.69,610,Part-time,West,2025-07-04
CUST103328,27,28317.96,634,Student,Midwest,2026-04-30
CUST103329,31,59217.66,581,Full-time,Midwest,2025-11-16
CUST103330,34,23511.14,665,Full-time,Southwest,2026-05-05
CUST103331,33,110250.05,739,Full-time,West,2024-11-11
CUST103332,18,109872.61,729,Full-time,West,2024-08-17
CUST103333,30,83676.61,778,Full-time,Southeast,2025-12-23
CUST103334,34,71251.1,789,Unemployed,Southeast,2026-07-09
CUST103335,31,38636.52,506,Self-employed,Southeast,2025-06-11
CUST103336,31,67842.63,570,Full-time,Southeast,2026-05-06
CUST103337,38,38434.88,524,Full-time,Southeast,2025-07-26
CUST103338,23,19948.66,707,Full-time,Midwest,2025-04-27
CUST103339,18,78939.79,608,Full-time,Northeast,2025-07-03
CUST103340,30,66700.72,623,Part-time,Midwest,2025-05-16
CUST103341,41,39572.8,643,Unemployed,West,2025-04-07
CUST103342,50,23124.94,688,Full-time,Midwest,2026-03-24
CUST103343,41,30828.96,548,Full-time,Northeast,2024-12-27
CUST103344,19,17685.22,565,Full-time,Southeast,2025-01-09
CUST103345,31,61407.45,660,Full-time,Southeast,2026-04-11
CUST103346,36,19506.65,749,Student,Midwest,2025-08-01
CUST103347,35,45664.38,658,Self-employed,Southeast,2025-12-06
CUST103348,39,27455.94,600,Self-employed,Southeast,2025-09-02
CUST103349,24,21120.16,498,Self-employed,Southwest,2024-10-10
CUST103350,34,44679.04,731,Full-time,Northeast,2025-03-13
CUST103351,38,34537.13,604,Self-employed,West,2024-06-15
CUST103352,42,58523.58,573,Self-employed,Southeast,2025-04-05
CUST103353,25,22687.69,531,Full-time,West,2026-07-06
CUST103354,30,28544.18,552,Full-time,Northeast,2024-12-03
CUST103355,18,15000.0,587,Part-time,Southeast,2026-06-11
CUST103356,27,15018.59,642,Unemployed,Southeast,2025-10-20
CUST103357,28,90146.07,569,Full-time,Midwest,2024-05-23
CUST103358,23,102500.12,673,Unemployed,Northeast,2024-04-04
CUST103359,35,41844.97,641,Student,Southeast,2026-04-07
CUST103360,33,27702.48,826,Student,West,2024-04-08
CUST103361,18,35090.93,532,Full-time,West,2024-04-14
CUST103362,36,59462.93,672,Full-time,Midwest,2024-07-10
CUST103363,24,31841.47,673,Part-time,Northeast,2024-08-23
CUST103364,38,44664.54,582,Full-time,Southeast,2026-06-09
CUST103365,21,39905.11,667,Full-time,West,2026-04-30
CUST103366,34,31071.13,717,Self-employed,West,2025-02-26
CUST103367,31,31672.79,667,Full-time,West,2026-05-16
CUST103368,37,45797.94,763,Full-time,West,2026-01-07
CUST103369,35,25858.65,496,Student,Southwest,2024-04-15
CUST103370,31,49181.77,596,Full-time,Southwest,2024-06-12
CUST103371,18,32460.83,770,Unemployed,Southwest,2026-01-04
CUST103372,19,42502.38,728,Full-time,Southwest,2025-05-02
CUST103373,28,74815.71,700,Full-time,Southeast,2025-05-02
CUST103374,33,37209.28,752,Full-time,Southwest,2025-12-28
CUST103375,27,60712.93,516,Full-time,Southeast,2026-01-20
CUST103376,40,17918.43,719,Full-time,Southwest,2025-07-29
CUST103377,31,32478.6,739,Self-employed,Southeast,2025-03-09
CUST103378,24,40638.04,610,Unemployed,Midwest,2024-09-13
CUST103379,31,95368.04,850,Full-time,Northeast,2024-08-13
CUST103380,36,16614.34,674,Full-time,West,2026-07-27
CUST103381,37,38434.3,495,Part-time,Southwest,2025-01-19
CUST103382,52,77304.7,688,Full-time,Northeast,2025-02-24
CUST103383,27,28190.51,606,Full-time,Midwest,2026-07-04
CUST103384,33,36469.17,747,Full-time,Midwest,2024-08-17
CUST103385,38,46596.59,701,Full-time,West,2025-03-14
CUST103386,33,43609.44,615,Full-time,Southwest,2024-11-26
CUST103387,28,81194.01,772,Full-time,West,2025-01-15
CUST103388,18,49109.77,730,Self-employed,Midwest,2025-10-27
CUST103389,28,72947.68,597,Full-time,Northeast,2026-02-20
CUST103390,23,34132.19,648,Full-time,Southwest,2025-09-19
CUST103391,18,28760.65,698,Full-time,Southeast,2024-10-19
CUST103392,26,36258.33,632,Full-time,Southwest,2025-02-06
CUST103393,23,23822.92,634,Unemployed,Midwest,2025-02-14
CUST103394,39,49890.22,662,Part-time,Southeast,2026-04-22
CUST103395,40,33737.15,580,Unemployed,Northeast,2026-08-05
CUST103396,24,29664.16,492,Full-time,West,2025-01-10
CUST103397,31,50231.43,677,Full-time,Southwest,2024-05-09
CUST103398,18,23988.45,510,Full-time,Southeast,2025-10-06
CUST103399,29,56767.88,585,Full-time,Southwest,2025-07-22
CUST103400,37,32362.26,527,Part-time,West,2024-05-02
CUST103401,42,67615.56,536,Full-time,Southwest,2026-01-23
CUST103402,26,33633.17,691,Full-time,West,2025-05-16
CUST103403,44,53335.6,643,Full-time,Midwest,2026-05-31
CUST103404,18,43512.48,640,Full-time,Southeast,2025-12-27
CUST103405,21,56092.41,561,Full-time,West,2025-09-22
CUST103406,41,42170.5,610,Part-time,Southwest,2024-12-25
CUST103407,50,18986.27,688,Student,Southwest,2025-11-19
CUST103408,38,63193.52,656,Full-time,Southwest,2025-07-09
CUST103409,33,38582.06,721,Full-time,West,2025-11-27
CUST103410,18,57255.69,732,Full-time,Southwest,2026-04-13
CUST103411,18,54754.29,641,Full-time,West,2024-09-22
CUST103412,35,28339.63,521,Part-time,Northeast,2025-01-05
CUST103413,30,26591.37,603,Full-time,Southwest,2025-01-29
CUST103414,22,53901.3,652,Student,Southeast,2025-03-24
CUST103415,34,35015.21,601,Unemployed,Northeast,2026-04-20
CUST103416,35,61168.84,580,Full-time,Southeast,2025-05-22
CUST103417,43,37042.07,665,Student,West,2024-12-05
CUST103418,35,63610.54,842,Part-time,West,2025-06-09
CUST103419,46,48556.68,623,Student,Southeast,2024-11-22
CUST103420,34,45687.9,659,Full-time,Northeast,2025-10-31
CUST103421,32,33917.79,561,Student,Midwest,2025-05-23
CUST103422,44,44560.02,753,Full-time,Southeast,2025-09-16
CUST103423,24,68650.5,725,Full-time,Midwest,2024-03-30
CUST103424,62,39167.52,720,Student,Southwest,2026-03-11
CUST103425,37,50971.83,761,Full-time,Southeast,2025-12-10
CUST103426,37,40980.93,627,Full-time,Northeast,2024-12-29
CUST103427,39,42449.56,637,Full-time,Northeast,2026-06-24
CUST103428,52,87162.97,788,Full-time,Southwest,2025-05-24
CUST103429,41,68925.29,707,Full-time,Northeast,2026-07-19
CUST103430,18,41594.85,493,Full-time,Southeast,2025-05-11
CUST103431,48,44201.07,694,Full-time,West,2025-11-08
CUST103432,30,29265.31,616,Self-employed,Northeast,2026-03-01
CUST103433,35,37129.34,727,Full-time,Southwest,2025-06-06
CUST103434,21,46130.47,690,Self-employed,Northeast,2025-10-29
CUST103435,39,58851.71,529,Part-time,West,2026-06-06
CUST103436,27,56226.83,680,Self-employed,Southwest,2025-05-07
CUST103437,35,24363.31,675,Self-employed,West,2025-04-08
CUST103438,31,62295.36,687,Unemployed,Southwest,2025-01-15
CUST103439,53,38563.13,703,Full-time,Midwest,2024-06-21
CUST103440,53,25741.35,772,Part-time,West,2024-12-10
CUST103441,34,73230.93,691,Unemployed,Southwest,2024-09-19
CUST103442,34,77534.29,661,Self-employed,Northeast,2025-01-27
CUST103443,30,45192.49,746,Full-time,Midwest,2025-01-05
CUST103444,45,55213.19,828,Part-time,Midwest,2024-09-22
CUST103445,30,56689.95,728,Self-employed,Southeast,2025-01-15
CUST103446,29,75214.36,675,Full-time,Midwest,2025-06-03
CUST103447,43,55694.17,692,Part-time,West,2024-11-16
CUST103448,28,22082.49,679,Self-employed,Northeast,2024-04-26
CUST103449,33,99152.41,661,Full-time,West,2025-06-10
CUST103450,18,64831.42,822,Full-time,Southwest,2026-01-29
CUST103451,41,31911.26,603,Full-time,Northeast,2025-08-29
CUST103452,53,25252.2,746,Part-time,Southeast,2026-08-01
CUST103453,41,50370.76,650,Full-time,West,2025-11-20
CUST103454,48,35411.18,548,Part-time,Southwest,2024-07-03
CUST103455,25,46560.04,645,Full-time,Northeast,2026-05-19
CUST103456,36,56079.92,618,Unemployed,Northeast,2024-07-02
CUST103457,24,31104.29,703,Self-employed,West,2025-04-11
CUST103458,31,24288.33,666,Self-employed,Northeast,2025-11-09
CUST103459,41,47744.46,583,Full-time,Southwest,2025-06-28
CUST103460,35,31570.41,770,Full-time,West,2024-07-10
CUST103461,19,42862.09,741,Self-employed,Northeast,2026-05-02
CUST103462,20,21927.64,778,Full-time,Northeast,2025-04-08
CUST103463,20,35829.17,677,Full-time,West,2025-12-23
CUST103464,38,55366.41,657,Full-time,West,2025-04-30
CUST103465,54,52715.75,712,Full-time,Midwest,2024-09-28
CUST103466,47,28148.21,616,Part-time,Southeast,2024-06-03
CUST103467,18,23724.91,669,Full-time,Northeast,2026-01-03
CUST103468,48,40420.55,646,Full-time,West,2025-01-13
CUST103469,43,51661.33,550,Full-time,Southwest,2025-08-08
CUST103470,18,48162.15,669,Full-time,West,2025-06-02
CUST103471,30,31873.43,626,Full-time,Southwest,2026-03-26
CUST103472,44,45890.85,641,Unemployed,Midwest,2024-07-29
CUST103473,39,78909.74,687,Unemployed,Midwest,2026-03-19
CUST103474,20,44016.29,755,Student,Southeast,2026-07-10
CUST103475,40,19246.48,596,Full-time,Southwest,2024-10-24
CUST103476,18,43977.8,634,Full-time,Northeast,2025-08-26
CUST103477,31,100687.87,602,Full-time,Northeast,2026-06-16
CUST103478,45,22486.58,597,Part-time,West,2024-12-29
CUST103479,34,40675.29,615,Self-employed,Southeast,2025-12-09
CUST103480,29,36248.35,645,Self-employed,Northeast,2024-04-16
CUST103481,42,41904.45,703,Full-time,Southwest,2024-04-12
CUST103482,43,43801.07,684,Part-time,Southeast,2025-04-22
CUST103483,47,67036.16,580,Student,Southeast,2025-06-25
CUST103484,42,41695.67,757,Full-time,Midwest,2025-07-22
CUST103485,44,71308.21,730,Self-employed,Midwest,2025-03-04
CUST103486,41,38065.17,592,Self-employed,Southwest,2024-06-14
CUST103487,36,34284.15,751,Full-time,West,2025-02-02
CUST103488,34,29698.97,684,Student,West,2026-05-19
CUST103489,31,17717.55,648,Unemployed,West,2026-02-24
CUST103490,21,45437.89,686,Self-employed,Midwest,2025-02-12
CUST103491,24,101143.96,658,Full-time,Midwest,2025-09-26
CUST103492,31,49325.97,700,Full-time,Northeast,2025-06-22
CUST103493,36,54668.14,674,Part-time,Midwest,2025-08-30
CUST103494,48,33327.42,634,Full-time,Southwest,2025-03-13
CUST103495,33,35955.95,508,Full-time,West,2026-01-25
CUST103496,44,62510.43,699,Full-time,Northeast,2026-06-10
CUST103497,44,99102.72,631,Full-time,West,2026-01-22
CUST103498,31,78399.79,718,Self-employed,Midwest,2025-01-09
CUST103499,39,57662.37,696,Full-time,Northeast,2025-03-03
CUST103500,31,40774.73,633,Full-time,West,2024-09-09
CUST103501,47,44106.99,736,Full-time,Midwest,2026-05-11
CUST103502,40,28593.13,675,Full-time,Midwest,2026-04-12
CUST103503,22,20917.15,672,Full-time,Northeast,2026-04-23
CUST103504,35,24171.77,649,Full-time,Northeast,2025-04-11
CUST103505,50,41044.41,786,Full-time,Northeast,2025-04-02
CUST103506,32,35193.04,606,Full-time,Southeast,2026-03-28
CUST103507,38,20717.86,635,Part-time,Southeast,2025-07-19
CUST103508,39,39466.38,567,Full-time,Midwest,2026-06-30
CUST103509,23,34776.82,714,Part-time,Southwest,2025-02-27
CUST103510,39,23676.02,616,Full-time,West,2025-04-05
CUST103511,20,33976.33,624,Self-employed,Southwest,2026-07-21
CUST103512,27,34737.36,621,Part-time,Midwest,2026-05-29
CUST103513,44,30409.59,664,Full-time,West,2024-12-08
CUST103514,37,60900.8,566,Part-time,Midwest,2024-06-22
CUST103515,30,17046.4,491,Self-employed,Midwest,2024-08-04
CUST103516,38,16422.22,694,Full-time,Southeast,2025-04-07
CUST103517,33,40194.22,501,Part-time,Midwest,2025-05-14
CUST103518,34,41909.06,724,Self-employed,Northeast,2024-09-09
CUST103519,40,48141.35,776,Full-time,Northeast,2024-08-12
CUST103520,26,31491.15,647,Unemployed,West,2024-06-16
CUST103521,34,26553.96,757,Full-time,Northeast,2025-08-31
CUST103522,30,40002.92,658,Self-employed,Midwest,2025-06-25
CUST103523,18,32902.04,779,Unemployed,Northeast,2026-06-06
CUST103524,24,80658.71,625,Student,Southwest,2026-03-14
CUST103525,49,34686.22,482,Part-time,West,2025-09-19
CUST103526,37,39185.68,654,Self-employed,Midwest,2024-09-08
CUST103527,20,122264.03,788,Full-time,Northeast,2025-07-21
CUST103528,18,36767.07,700,Full-time,Northeast,2025-03-21
CUST103529,32,51548.1,621,Unemployed,Southwest,2024-07-21
CUST103530,49,53682.33,684,Full-time,Northeast,2025-06-26
CUST103531,32,55777.77,732,Self-employed,Southeast,2025-10-26
CUST103532,47,45719.0,653,Full-time,West,2024-11-16
CUST103533,37,43792.96,850,Full-time,Midwest,2025-11-12
CUST103534,38,41988.47,621,Full-time,West,2025-09-10
CUST103535,20,30970.88,735,Full-time,West,2024-07-02
CUST103536,43,46466.34,717,Full-time,Southwest,2025-07-29
CUST103537,30,99996.52,607,Full-time,West,2026-01-07
CUST103538,42,69203.51,628,Student,Northeast,2024-08-17
CUST103539,25,46016.86,736,Self-employed,Southeast,2025-02-01
CUST103540,35,58990.01,670,Self-employed,Southeast,2024-10-15
CUST103541,37,27142.9,685,Full-time,West,2025-11-02
CUST103542,32,35695.13,537,Full-time,Southwest,2024-10-02
CUST103543,38,61484.01,709,Part-time,Southeast,2024-05-08
CUST103544,31,78372.25,681,Full-time,Southeast,2026-03-24
CUST103545,27,28370.64,655,Full-time,West,2026-03-02
CUST103546,50,32285.88,687,Student,West,2025-04-10
CUST103547,44,107110.8,629,Full-time,Northeast,2024-11-22
CUST103548,26,41911.59,615,Unemployed,Southeast,2026-08-13
CUST103549,39,91172.89,641,Full-time,Midwest,2025-04-22
CUST103550,26,44050.23,625,Full-time,Southeast,2026-04-25
CUST103551,22,44836.65,823,Full-time,Southwest,2024-04-14
CUST103552,44,34979.91,728,Student,Southwest,2024-11-20
CUST103553,18,61337.69,587,Part-time,West,2024-04-01
CUST103554,43,73939.31,812,Self-employed,Southwest,2026-02-05
CUST103555,31,25191.17,627,Full-time,West,2024-09-22
CUST103556,31,34248.47,662,Unemployed,Southeast,2025-09-15
CUST103557,38,60583.95,727,Part-time,Southeast,2026-05-15
CUST103558,39,37861.99,512,Part-time,Southeast,2025-06-22
CUST103559,25,32143.85,642,Self-employed,West,2025-07-01
CUST103560,41,63214.82,616,Self-employed,Southwest,2025-06-04
CUST103561,35,65943.52,675,Part-time,Southeast,2024-07-31
CUST103562,21,32782.86,687,Full-time,Southwest,2025-12-13
CUST103563,32,44159.57,654,Unemployed,Southeast,2025-02-04
CUST103564,47,23299.48,650,Full-time,Southeast,2026-02-21
CUST103565,50,26823.5,739,Student,Northeast,2024-07-10
CUST103566,41,42441.18,682,Full-time,West,2025-07-11
CUST103567,22,40706.09,663,Full-time,Southeast,2024-09-17
CUST103568,38,25975.41,671,Full-time,Southwest,2025-12-23
CUST103569,42,29080.17,797,Part-time,Northeast,2025-11-14
CUST103570,41,24852.91,672,Full-time,Northeast,2024-04-10
CUST103571,41,49255.53,621,Self-employed,Southwest,2026-02-25
CUST103572,37,16556.97,516,Part-time,Northeast,2025-04-12
CUST103573,33,25458.13,552,Full-time,Northeast,2025-11-06
CUST103574,27,17355.7,624,Full-time,Southeast,2025-09-08
CUST103575,18,48463.16,651,Self-employed,Midwest,2024-12-16
CUST103576,37,17832.36,618,Unemployed,Northeast,2024-10-02
CUST103577,35,40712.0,686,Full-time,Northeast,2025-06-21
CUST103578,39,83933.98,617,Student,Southeast,2025-02-04
CUST103579,20,85224.59,591,Full-time,Southwest,2026-07-06
CUST103580,40,17806.91,705,Part-time,Northeast,2026-01-22
CUST103581,54,45902.93,762,Self-employed,Southeast,2024-11-06
CUST103582,34,25718.42,576,Full-time,Northeast,2025-01-11
CUST103583,33,23460.86,678,Full-time,Southeast,2026-07-06
CUST103584,37,38136.94,517,Part-time,Southeast,2024-06-29
CUST103585,54,69754.07,549,Full-time,Southwest,2025-08-22
CUST103586,23,52567.14,615,Full-time,Northeast,2025-11-22
CUST103587,36,29091.07,745,Full-time,West,2025-07-07
CUST103588,26,55119.86,601,Self-employed,Southeast,2025-09-04
CUST103589,28,15000.0,598,Full-time,West,2025-06-02
CUST103590,33,28600.35,662,Full-time,Southwest,2026-03-24
CUST103591,47,27701.69,662,Student,Southeast,2026-04-14
CUST103592,52,41574.58,601,Self-employed,Southeast,2024-04-04
CUST103593,38,36633.83,808,Full-time,West,2024-11-01
CUST103594,30,37659.41,640,Full-time,West,2025-10-03
CUST103595,58,37100.15,668,Full-time,Southwest,2024-08-05
CUST103596,29,40541.57,629,Full-time,Northeast,2024-09-20
CUST103597,28,51177.69,692,Full-time,West,2024-12-14
CUST103598,18,42924.54,752,Full-time,Midwest,2024-11-24
CUST103599,47,35314.24,784,Full-time,Northeast,2024-05-08
CUST103600,43,48087.94,602,Part-time,West,2024-08-18
CUST103601,58,58206.69,742,Full-time,Northeast,2026-01-01
CUST103602,20,31250.43,701,Full-time,Southeast,2024-11-19
CUST103603,48,39076.2,733,Unemployed,Northeast,2026-03-27
CUST103604,34,67701.12,653,Full-time,Midwest,2025-06-02
CUST103605,42,24434.66,645,Self-employed,West,2026-06-16
CUST103606,18,90410.53,730,Full-time,Northeast,2026-03-19
CUST103607,48,21968.84,731,Part-time,Northeast,2024-11-24
CUST103608,41,34357.85,777,Full-time,West,2025-09-24
CUST103609,33,26171.19,674,Full-time,Northeast,2026-03-25
CUST103610,40,107427.03,651,Self-employed,Northeast,2024-04-13
CUST103611,26,32000.04,475,Full-time,Midwest,2024-05-19
CUST103612,28,32036.19,539,Full-time,Southeast,2026-01-26
CUST103613,29,33967.62,630,Full-time,West,2025-03-11
CUST103614,18,41899.17,577,Full-time,Northeast,2025-12-01
CUST103615,42,34620.5,721,Full-time,Midwest,2024-09-13
CUST103616,45,37805.16,561,Full-time,West,2024-12-23
CUST103617,26,15000.0,622,Full-time,Southwest,2025-07-31
CUST103618,37,41180.57,625,Part-time,Northeast,2024-05-26
CUST103619,31,40457.73,750,Self-employed,Northeast,2024-11-12
CUST103620,37,64045.94,614,Full-time,Northeast,2026-04-04
CUST103621,27,72336.02,693,Unemployed,West,2025-07-24
CUST103622,25,36883.94,674,Full-time,Southeast,2024-08-22
CUST103623,44,57948.1,727,Full-time,Northeast,2025-05-02
CUST103624,33,24447.76,723,Part-time,Southeast,2026-05-19
CUST103625,54,56687.22,657,Part-time,Southeast,2024-10-09
CUST103626,34,31019.95,532,Full-time,Northeast,2025-06-21
CUST103627,24,23550.12,642,Student,Midwest,2026-01-18
CUST103628,46,36919.13,658,Student,West,2024-09-03
CUST103629,40,75373.62,681,Full-time,Southeast,2024-07-05
CUST103630,41,43540.75,604,Part-time,West,2025-03-20
CUST103631,45,78701.67,745,Self-employed,Southwest,2024-11-28
CUST103632,27,28654.63,661,Student,Southeast,2026-01-16
CUST103633,32,64314.02,590,Part-time,Southwest,2024-11-02
CUST103634,32,29927.35,625,Full-time,Southeast,2024-06-18
CUST103635,21,44417.9,804,Part-time,Southeast,2026-01-18
CUST103636,31,44245.43,709,Full-time,Southeast,2024-05-15
CUST103637,47,54050.35,738,Part-time,Northeast,2026-05-27
CUST103638,36,44928.75,581,Part-time,Southwest,2025-07-22
CUST103639,20,28778.01,608,Part-time,Northeast,2026-06-11
CUST103640,18,59643.36,608,Full-time,Northeast,2025-07-20
CUST103641,50,87487.0,673,Full-time,Northeast,2025-01-28
CUST103642,33,30862.23,646,Part-time,Northeast,2024-07-17
CUST103643,27,17573.47,623,Full-time,West,2026-04-05
CUST103644,31,50246.38,632,Full-time,Northeast,2024-07-02
CUST103645,19,34577.86,600,Full-time,Southwest,2024-03-27
CUST103646,48,37835.52,646,Unemployed,Southeast,2026-06-17
CUST103647,30,51548.58,743,Full-time,Northeast,2024-04-29
CUST103648,47,32683.43,546,Part-time,Southeast,2024-06-16
CUST103649,34,35561.42,685,Full-time,Northeast,2026-07-19
CUST103650,48,38366.74,763,Self-employed,Southeast,2026-06-19
CUST103651,36,77760.53,646,Full-time,West,2024-11-21
CUST103652,42,40681.61,620,Full-time,Southwest,2025-08-13
CUST103653,41,23016.05,729,Full-time,West,2025-12-30
CUST103654,40,23431.92,586,Full-time,Southwest,2025-08-27
CUST103655,37,42729.87,658,Self-employed,West,2025-10-21
CUST103656,31,24143.18,582,Part-time,Northeast,2024-04-17
CUST103657,53,19869.94,519,Self-employed,Northeast,2026-01-16
CUST103658,24,53422.71,648,Self-employed,Midwest,2026-05-28
CUST103659,34,54612.84,565,Self-employed,Midwest,2024-08-21
CUST103660,34,34007.57,659,Student,Southwest,2024-08-13
CUST103661,38,45804.92,743,Part-time,Northeast,2024-06-27
CUST103662,29,43680.4,799,Full-time,Northeast,2024-04-21
CUST103663,37,52632.48,667,Full-time,Southwest,2026-07-09
CUST103664,32,52687.71,736,Part-time,Midwest,2024-10-13
CUST103665,18,15000.0,689,Self-employed,Midwest,2025-12-22
CUST103666,34,36018.05,631,Part-time,Southeast,2025-08-12
CUST103667,22,50668.36,515,Full-time,Southwest,2025-07-19
CUST103668,18,33366.06,781,Self-employed,West,2024-04-08
CUST103669,35,40794.04,581,Full-time,Northeast,2025-05-17
CUST103670,38,56264.27,763,Full-time,Northeast,2026-02-01
CUST103671,39,41623.34,700,Self-employed,Southwest,2026-05-29
CUST103672,39,79107.56,586,Part-time,West,2025-03-19
CUST103673,18,66645.57,683,Full-time,Southeast,2024-08-21
CUST103674,20,38049.61,819,Full-time,Southwest,2024-12-03
CUST103675,53,36712.74,775,Part-time,West,2024-05-23
CUST103676,23,15000.0,621,Full-time,Northeast,2026-07-08
CUST103677,40,34650.73,606,Full-time,Northeast,2025-08-28
CUST103678,27,21829.75,667,Part-time,Northeast,2025-02-27
CUST103679,34,44336.05,647,Part-time,Southwest,2024-07-29
CUST103680,27,42992.97,749,Full-time,Southwest,2025-11-14
CUST103681,39,54892.67,715,Full-time,Northeast,2025-01-02
CUST103682,35,75244.77,533,Part-time,Northeast,2026-02-14
CUST103683,29,39663.19,694,Full-time,Southwest,2025-03-17
CUST103684,23,111992.52,646,Full-time,West,2024-10-08
CUST103685,36,44560.5,662,Full-time,Southwest,2024-08-31
CUST103686,21,22256.79,678,Full-time,Northeast,2025-07-16
CUST103687,38,31165.52,749,Self-employed,Southeast,2025-06-28
CUST103688,60,33937.1,733,Full-time,Northeast,2024-07-07
CUST103689,47,52389.28,603,Student,Southeast,2025-04-24
CUST103690,41,26205.84,655,Full-time,Midwest,2025-10-13
CUST103691,33,35098.4,626,Part-time,Southeast,2025-12-18
CUST103692,18,37329.23,533,Full-time,Southwest,2024-12-02
CUST103693,20,32805.31,651,Self-employed,Southeast,2024-12-02
CUST103694,46,57822.71,798,Unemployed,Midwest,2025-05-03
CUST103695,26,53561.97,531,Full-time,Southwest,2026-03-28
CUST103696,27,67843.25,658,Full-time,Northeast,2026-03-26
CUST103697,32,34580.27,655,Student,Northeast,2026-01-14
CUST103698,23,68950.04,681,Student,Southeast,2026-08-03
CUST103699,21,21724.62,587,Student,Northeast,2025-06-22
CUST103700,33,21487.51,553,Full-time,Northeast,2025-08-18
CUST103701,25,23243.7,556,Full-time,Southeast,2025-09-12
CUST103702,26,40301.55,759,Full-time,Southeast,2024-05-22
CUST103703,26,68945.4,586,Self-employed,Southeast,2026-01-17
CUST103704,39,30608.59,622,Full-time,Northeast,2024-09-09
CUST103705,31,32386.21,817,Full-time,Northeast,2026-02-28
CUST103706,32,36417.03,604,Part-time,West,2025-02-27
CUST103707,39,51936.27,685,Full-time,Southwest,2024-07-26
CUST103708,32,32372.63,739,Self-employed,Midwest,2024-08-15
CUST103709,31,31569.99,736,Full-time,Northeast,2025-03-17
CUST103710,38,21907.23,560,Self-employed,Southeast,2026-02-14
CUST103711,40,31030.49,606,Full-time,West,2025-09-19
CUST103712,32,68176.68,682,Part-time,West,2025-08-09
CUST103713,34,41811.08,804,Full-time,Southwest,2024-08-08
CUST103714,26,28769.34,602,Full-time,Southeast,2025-09-19
CUST103715,25,70001.0,622,Full-time,Midwest,2024-08-26
CUST103716,41,30842.66,691,Self-employed,Northeast,2024-05-08
CUST103717,38,76037.35,706,Full-time,West,2026-05-09
CUST103718,38,75480.01,711,Full-time,Northeast,2024-05-21
CUST103719,36,41159.3,596,Self-employed,Southwest,2025-04-07
CUST103720,34,20448.25,620,Full-time,Southeast,2025-03-09
CUST103721,40,112451.27,676,Full-time,Midwest,2025-11-21
CUST103722,43,47775.79,754,Full-time,West,2025-10-27
CUST103723,43,34691.53,642,Full-time,Southeast,2025-04-30
CUST103724,32,61713.47,658,Full-time,Northeast,2026-02-21
CUST103725,47,55052.15,583,Full-time,Southwest,2024-11-27
CUST103726,36,72397.15,799,Full-time,Midwest,2025-01-10
CUST103727,40,29790.46,671,Full-time,Northeast,2026-08-06
CUST103728,36,46319.26,740,Part-time,Northeast,2026-02-11
CUST103729,36,23537.69,662,Part-time,Midwest,2025-05-24
CUST103730,26,54168.26,666,Full-time,Southwest,2024-11-06
CUST103731,41,39722.56,547,Full-time,Northeast,2025-12-03
CUST103732,62,45544.91,498,Part-time,Midwest,2024-07-03
CUST103733,30,37576.82,753,Full-time,Midwest,2025-05-06
CUST103734,34,35848.43,665,Self-employed,Northeast,2025-05-02
CUST103735,29,27154.44,675,Full-time,Southwest,2026-05-10
CUST103736,29,57279.24,566,Full-time,Southwest,2025-02-13
CUST103737,49,78461.77,592,Full-time,Northeast,2024-09-01
CUST103738,27,31241.39,739,Part-time,Southwest,2026-02-11
CUST103739,29,51487.44,790,Full-time,Southeast,2025-04-28
CUST103740,18,48751.08,613,Full-time,Midwest,2026-08-08
CUST103741,26,40281.36,710,Full-time,West,2026-02-11
CUST103742,18,20191.8,674,Part-time,West,2026-06-13
CUST103743,40,22343.29,650,Full-time,Southeast,2024-10-13
CUST103744,61,28241.79,798,Part-time,Southeast,2024-03-30
CUST103745,30,15328.17,626,Full-time,Northeast,2026-07-12
CUST103746,18,75630.42,753,Full-time,West,2024-12-11
CUST103747,42,47356.84,688,Full-time,Southeast,2025-03-16
CUST103748,26,39597.35,658,Student,West,2024-12-11
CUST103749,46,15000.0,762,Full-time,West,2025-06-03
CUST103750,31,17663.54,681,Full-time,Midwest,2024-04-03
CUST103751,27,40092.57,652,Self-employed,Southwest,2026-07-10
CUST103752,32,97413.54,763,Full-time,Midwest,2026-04-06
CUST103753,41,29307.83,753,Full-time,Midwest,2026-01-08
CUST103754,31,59201.91,750,Full-time,Southeast,2024-10-02
CUST103755,29,32339.48,368,Part-time,West,2026-06-07
CUST103756,32,41145.0,693,Full-time,Northeast,2026-04-28
CUST103757,21,69328.25,675,Self-employed,Southwest,2024-11-14
CUST103758,37,34348.78,657,Self-employed,West,2025-08-14
CUST103759,18,29420.67,705,Full-time,West,2024-12-07
CUST103760,29,75972.88,679,Full-time,Southwest,2025-09-29
CUST103761,41,40966.13,710,Self-employed,Southwest,2026-05-28
CUST103762,37,65581.07,639,Unemployed,West,2025-03-12
CUST103763,39,29485.03,772,Self-employed,West,2026-05-10
CUST103764,33,75584.26,718,Full-time,Southeast,2025-06-23
CUST103765,45,45393.87,700,Part-time,Southwest,2024-07-09
CUST103766,43,48808.24,697,Self-employed,Midwest,2026-03-07
CUST103767,38,42583.97,746,Student,Southeast,2026-02-20
CUST103768,43,31969.46,736,Full-time,West,2024-05-11
CUST103769,41,40104.46,651,Self-employed,Northeast,2025-11-22
CUST103770,29,32887.05,734,Part-time,Northeast,2025-09-23
CUST103771,20,61808.47,673,Unemployed,Northeast,2024-12-26
CUST103772,38,36630.05,803,Part-time,Southeast,2026-04-24
CUST103773,39,20467.05,742,Unemployed,Midwest,2026-06-22
CUST103774,44,18849.83,613,Full-time,West,2024-08-10
CUST103775,24,18452.9,834,Full-time,West,2024-05-11
CUST103776,24,53002.1,502,Full-time,West,2024-04-07
CUST103777,38,23904.53,707,Self-employed,Southwest,2026-07-24
CUST103778,33,45937.57,607,Full-time,Midwest,2025-05-10
CUST103779,18,42678.84,801,Part-time,Southwest,2024-08-05
CUST103780,37,38983.01,678,Student,Southeast,2024-08-09
CUST103781,18,48887.76,600,Unemployed,Southwest,2025-10-04
CUST103782,24,43098.2,640,Part-time,Northeast,2025-06-13
CUST103783,47,15000.0,606,Self-employed,West,2026-04-05
CUST103784,52,34695.62,637,Full-time,West,2026-04-14
CUST103785,21,48596.0,635,Full-time,Southwest,2025-09-19
CUST103786,30,83962.64,603,Full-time,Northeast,2026-01-25
CUST103787,34,85725.53,680,Self-employed,Southeast,2024-04-19
CUST103788,51,21732.89,689,Full-time,Southwest,2026-06-05
CUST103789,29,34290.5,585,Full-time,Midwest,2025-05-10
CUST103790,29,19835.89,535,Part-time,Midwest,2025-04-16
CUST103791,49,79534.67,683,Full-time,Midwest,2026-06-23
CUST103792,30,63309.16,699,Self-employed,West,2025-07-26
CUST103793,41,46993.5,714,Full-time,Northeast,2024-05-16
CUST103794,19,43249.58,701,Self-employed,Midwest,2026-05-10
CUST103795,32,74703.63,777,Full-time,Southeast,2026-04-11
CUST103796,18,69223.55,734,Self-employed,Southwest,2026-03-23
CUST103797,23,67583.57,850,Self-employed,Southeast,2026-06-27
CUST103798,42,49291.45,850,Full-time,Southeast,2024-07-05
CUST103799,33,34298.17,528,Full-time,Northeast,2026-07-05
CUST103800,30,56681.67,495,Unemployed,West,2025-12-12
CUST103801,26,57943.22,659,Full-time,Southeast,2024-08-25
CUST103802,31,36835.35,697,Part-time,West,2024-03-31
CUST103803,37,34267.0,654,Full-time,West,2026-04-02
CUST103804,43,66835.59,712,Self-employed,West,2025-10-04
CUST103805,18,84867.99,639,Full-time,Southeast,2026-03-11
CUST103806,25,28646.08,607,Part-time,Southwest,2026-02-27
CUST103807,35,35649.15,619,Part-time,West,2024-05-14
CUST103808,33,47000.8,644,Full-time,Northeast,2025-10-24
CUST103809,38,49959.58,723,Full-time,Northeast,2025-02-27
CUST103810,36,31727.37,623,Unemployed,Southeast,2026-03-30
CUST103811,30,93674.78,638,Part-time,West,2025-12-08
CUST103812,28,48530.26,702,Student,Northeast,2025-10-03
CUST103813,31,50976.63,645,Self-employed,Southwest,2025-03-21
CUST103814,45,88565.51,743,Part-time,West,2024-06-21
CUST103815,26,32791.42,591,Part-time,West,2026-01-14
CUST103816,33,38569.06,574,Student,Midwest,2025-01-29
CUST103817,35,22833.98,682,Full-time,Midwest,2025-06-09
CUST103818,49,37139.72,690,Full-time,Southwest,2024-09-21
CUST103819,30,20536.98,595,Self-employed,Southwest,2025-10-26
CUST103820,43,56192.14,760,Student,Southwest,2025-08-10
CUST103821,46,48484.46,804,Full-time,Southeast,2025-02-18
CUST103822,33,35430.16,612,Full-time,West,2025-07-24
CUST103823,31,38361.49,771,Part-time,Midwest,2024-10-22
CUST103824,30,56537.53,481,Self-employed,Southeast,2026-08-01
CUST103825,31,24074.1,740,Full-time,Southwest,2025-10-14
CUST103826,42,43996.95,595,Self-employed,Southwest,2026-03-15
CUST103827,36,54983.0,733,Full-time,Northeast,2026-04-10
CUST103828,36,17997.29,587,Full-time,Northeast,2026-06-28
CUST103829,22,54623.64,654,Part-time,Northeast,2025-10-08
CUST103830,24,18895.36,599,Full-time,Midwest,2026-02-05
CUST103831,55,38066.22,643,Self-employed,West,2024-10-23
CUST103832,32,23777.0,797,Full-time,Southeast,2025-06-03
CUST103833,26,76424.68,651,Self-employed,Northeast,2024-09-28
CUST103834,48,23844.18,818,Full-time,West,2024-07-04
CUST103835,36,19099.44,631,Student,Southwest,2024-09-29
CUST103836,39,42617.0,771,Self-employed,Midwest,2025-08-12
CUST103837,32,33317.35,538,Full-time,Northeast,2024-04-18
CUST103838,30,20392.61,638,Student,Southwest,2025-09-12
CUST103839,32,50849.06,619,Full-time,Southeast,2024-08-26
CUST103840,20,16380.15,775,Full-time,Southeast,2026-03-16
CUST103841,33,25177.14,673,Unemployed,Southeast,2024-04-23
CUST103842,36,30981.69,503,Unemployed,Northeast,2025-11-23
CUST103843,52,57584.0,561,Part-time,Midwest,2025-02-14
CUST103844,34,71894.91,584,Student,Southwest,2025-10-10
CUST103845,18,65923.62,730,Full-time,West,2026-01-26
CUST103846,33,37459.92,720,Full-time,Southwest,2025-10-31
CUST103847,61,15000.0,637,Full-time,West,2025-03-02
CUST103848,42,47852.75,618,Full-time,West,2026-05-08
CUST103849,25,77789.22,713,Part-time,Southeast,2026-02-22
CUST103850,39,69926.9,575,Full-time,Midwest,2024-06-04
CUST103851,26,49430.7,694,Part-time,Southeast,2026-05-31
CUST103852,20,23499.25,687,Full-time,Southwest,2024-11-23
CUST103853,30,31685.42,639,Full-time,West,2025-11-24
CUST103854,34,95819.02,689,Self-employed,West,2025-11-09
CUST103855,18,21215.17,667,Full-time,Northeast,2025-10-02
CUST103856,22,23943.96,697,Self-employed,Midwest,2025-09-15
CUST103857,34,61337.59,559,Self-employed,Northeast,2024-12-05
CUST103858,29,33056.66,706,Part-time,Southeast,2024-09-13
CUST103859,37,23581.32,736,Unemployed,Midwest,2025-10-02
CUST103860,21,79824.6,684,Student,Southwest,2026-03-17
CUST103861,41,49388.61,705,Full-time,Southwest,2026-08-11
CUST103862,22,33799.1,651,Part-time,West,2024-11-21
CUST103863,50,23966.24,726,Full-time,Southeast,2024-06-07
CUST103864,18,100844.29,664,Full-time,Midwest,2026-07-15
CUST103865,23,39695.64,573,Part-time,Northeast,2025-03-19
CUST103866,38,75267.04,721,Self-employed,Northeast,2026-02-05
CUST103867,50,60002.12,537,Self-employed,West,2026-02-11
CUST103868,37,31748.29,681,Self-employed,West,2024-08-23
CUST103869,39,31862.23,631,Self-employed,West,2026-01-06
CUST103870,34,76944.66,626,Part-time,Southeast,2025-11-22
CUST103871,23,77507.72,672,Full-time,Southwest,2026-04-27
CUST103872,29,17246.9,606,Full-time,Southeast,2024-06-18
CUST103873,21,51400.39,698,Full-time,Southwest,2024-06-16
CUST103874,21,38004.25,664,Self-employed,Midwest,2024-06-10
CUST103875,38,25210.22,613,Full-time,West,2026-01-25
CUST103876,22,45151.81,760,Full-time,Southeast,2026-03-03
CUST103877,37,21865.85,675,Full-time,Southwest,2024-05-17
CUST103878,20,32535.76,707,Part-time,Southwest,2025-02-26
CUST103879,36,28020.36,766,Full-time,Southwest,2025-12-27
CUST103880,29,32051.33,765,Full-time,Northeast,2026-07-04
CUST103881,48,38864.43,703,Full-time,Midwest,2024-09-17
CUST103882,37,25412.46,637,Full-time,Midwest,2024-09-15
CUST103883,46,81465.15,552,Full-time,Southeast,2026-08-04
CUST103884,26,50110.08,675,Student,West,2025-06-23
CUST103885,34,89998.96,742,Full-time,West,2025-06-19
CUST103886,24,37345.36,686,Full-time,Northeast,2025-07-06
CUST103887,29,31352.35,401,Part-time,Southwest,2025-09-26
CUST103888,31,88546.85,725,Part-time,West,2025-11-01
CUST103889,26,30942.1,729,Full-time,Southeast,2025-10-26
CUST103890,21,37040.55,637,Full-time,Southwest,2024-06-04
CUST103891,19,55493.51,734,Student,Southwest,2024-04-02
CUST103892,18,22994.8,707,Student,Northeast,2026-05-08
CUST103893,23,55275.36,608,Full-time,West,2024-11-24
CUST103894,40,52182.69,755,Part-time,Southwest,2025-04-02
CUST103895,18,71054.07,564,Full-time,Southeast,2026-01-03
CUST103896,20,59905.29,655,Full-time,Southeast,2026-03-05
CUST103897,51,72040.97,648,Full-time,Southwest,2024-10-28
CUST103898,27,38189.28,598,Self-employed,West,2025-09-30
CUST103899,37,27222.48,682,Full-time,Northeast,2026-04-23
CUST103900,40,103724.48,758,Full-time,Southeast,2024-04-22
CUST103901,40,20190.89,753,Full-time,Southwest,2024-05-30
CUST103902,18,21121.97,714,Full-time,Northeast,2025-08-14
CUST103903,31,51756.62,532,Full-time,West,2025-08-08
CUST103904,18,83386.67,559,Full-time,Southeast,2025-08-13
CUST103905,58,43708.5,672,Part-time,West,2026-03-01
CUST103906,18,62924.24,657,Full-time,Northeast,2026-05-14
CUST103907,23,16348.46,622,Full-time,West,2025-12-19
CUST103908,23,32054.88,802,Self-employed,Northeast,2025-09-11
CUST103909,19,17269.95,667,Full-time,Southwest,2026-04-01
CUST103910,47,57021.57,700,Full-time,Southeast,2026-07-14
CUST103911,58,20005.17,734,Unemployed,Midwest,2024-05-26
CUST103912,29,22583.65,664,Part-time,Northeast,2024-07-11
CUST103913,20,50579.99,850,Full-time,Southwest,2025-11-20
CUST103914,18,64719.7,589,Full-time,Southwest,2025-02-25
CUST103915,31,37364.05,614,Full-time,Southeast,2026-04-11
CUST103916,30,51874.24,589,Full-time,Midwest,2024-05-29
CUST103917,27,51123.76,777,Unemployed,Midwest,2024-09-05
CUST103918,36,36426.72,720,Part-time,Southwest,2026-03-13
CUST103919,37,24523.39,619,Full-time,Midwest,2026-02-09
CUST103920,37,51751.11,595,Full-time,Northeast,2025-10-28
CUST103921,30,52885.95,763,Full-time,Midwest,2026-05-24
CUST103922,22,60012.67,687,Full-time,Southeast,2025-10-16
CUST103923,40,46185.9,765,Full-time,Midwest,2025-01-09
CUST103924,34,23722.4,655,Full-time,Southeast,2024-11-20
CUST103925,42,54756.59,698,Unemployed,Southeast,2026-08-07
CUST103926,41,40109.9,682,Self-employed,Southeast,2025-10-11
CUST103927,19,32298.24,613,Unemployed,Southeast,2024-08-19
CUST103928,19,35151.19,649,Unemployed,Southwest,2024-07-17
CUST103929,26,29418.65,571,Student,Southeast,2025-04-11
CUST103930,23,59872.93,697,Student,Southwest,2024-11-12
CUST103931,41,21201.95,717,Full-time,Midwest,2026-01-11
CUST103932,37,25666.23,734,Full-time,Southwest,2024-07-19
CUST103933,44,34615.34,709,Full-time,Northeast,2025-06-27
CUST103934,37,82966.14,650,Part-time,Southeast,2024-12-20
CUST103935,36,64500.37,776,Part-time,West,2025-12-28
CUST103936,45,19179.97,726,Full-time,West,2026-03-16
CUST103937,38,73725.66,764,Self-employed,Northeast,2025-05-07
CUST103938,34,73661.76,768,Self-employed,West,2025-05-16
CUST103939,48,23663.67,650,Part-time,West,2025-04-03
CUST103940,35,15000.0,689,Full-time,Northeast,2024-09-10
CUST103941,30,38851.43,718,Full-time,Southeast,2024-10-11
CUST103942,25,66508.9,573,Full-time,Northeast,2025-11-24
CUST103943,41,82130.76,575,Full-time,West,2025-07-04
CUST103944,46,27122.74,562,Part-time,West,2026-05-31
CUST103945,33,88290.75,651,Full-time,Southwest,2024-09-28
CUST103946,47,15000.0,635,Full-time,Southeast,2026-04-18
CUST103947,18,34008.89,552,Full-time,West,2026-06-14
CUST103948,33,33264.8,671,Part-time,West,2025-05-18
CUST103949,33,67410.2,652,Full-time,West,2024-06-03
CUST103950,26,71986.66,748,Student,Southeast,2025-09-20
CUST103951,57,61660.61,810,Full-time,Southwest,2026-03-05
CUST103952,33,21856.47,694,Unemployed,Southwest,2026-03-06
CUST103953,29,59170.51,607,Full-time,Northeast,2024-08-16
CUST103954,34,50466.69,708,Full-time,Midwest,2025-01-16
CUST103955,18,18919.43,660,Student,Midwest,2025-06-09
CUST103956,26,15832.88,641,Self-employed,Midwest,2024-05-29
CUST103957,43,64029.24,595,Part-time,Southeast,2026-05-14
CUST103958,27,37010.44,625,Self-employed,Southwest,2025-02-23
CUST103959,25,22508.94,646,Full-time,West,2025-10-04
CUST103960,47,36545.84,720,Self-employed,Southwest,2026-01-22
CUST103961,47,47278.86,698,Full-time,West,2024-06-06
CUST103962,39,38666.04,796,Self-employed,Southwest,2024-05-03
CUST103963,29,19962.41,710,Student,Southeast,2024-08-17
CUST103964,31,93760.66,691,Unemployed,Southwest,2026-04-06
CUST103965,25,63063.54,637,Self-employed,Southwest,2024-11-23
CUST103966,24,34512.61,582,Part-time,West,2025-10-06
CUST103967,23,35143.94,617,Full-time,Southeast,2025-09-17
CUST103968,27,47182.07,607,Full-time,Northeast,2026-02-26
CUST103969,23,24141.08,467,Unemployed,Southwest,2025-03-19
CUST103970,18,46406.94,584,Part-time,Southwest,2024-07-29
CUST103971,36,22052.26,780,Full-time,Southwest,2026-01-24
CUST103972,36,38880.95,687,Self-employed,Southwest,2025-05-03
CUST103973,51,23721.64,631,Full-time,Midwest,2025-01-27
CUST103974,27,24266.75,689,Self-employed,Northeast,2025-02-11
CUST103975,36,84168.43,513,Self-employed,West,2025-12-29
CUST103976,37,41218.88,681,Full-time,Southeast,2026-07-19
CUST103977,31,44061.11,755,Full-time,Southeast,2024-08-22
CUST103978,41,16234.26,650,Self-employed,West,2025-03-12
CUST103979,41,30679.48,527,Full-time,Southwest,2024-12-09
CUST103980,37,49392.08,628,Student,Midwest,2025-05-08
CUST103981,31,43798.78,755,Full-time,Southwest,2025-09-12
CUST103982,30,15224.89,679,Full-time,Northeast,2026-01-07
CUST103983,20,44055.79,553,Full-time,Southeast,2025-01-17
CUST103984,25,47332.45,837,Self-employed,Southeast,2024-08-20
CUST103985,27,71517.17,565,Part-time,Midwest,2025-11-04
CUST103986,22,29886.02,641,Self-employed,Southeast,2026-07-24
CUST103987,38,15000.0,582,Student,Northeast,2026-03-31
CUST103988,45,25628.32,582,Part-time,Southwest,2025-03-28
CUST103989,24,24497.36,626,Full-time,Midwest,2026-01-21
CUST103990,36,55911.14,707,Full-time,Southeast,2024-09-04
CUST103991,23,15000.0,756,Unemployed,West,2025-12-20
CUST103992,30,32801.83,631,Full-time,Southeast,2025-06-10
CUST103993,27,76237.44,584,Unemployed,Northeast,2026-01-28
CUST103994,40,40265.31,695,Unemployed,West,2025-07-14
CUST103995,27,60074.61,698,Part-time,Northeast,2024-12-31
CUST103996,44,19171.7,678,Part-time,Northeast,2024-09-20
CUST103997,31,19518.24,680,Student,Midwest,2024-11-08
CUST103998,27,76631.16,651,Self-employed,Midwest,2025-05-29
CUST103999,21,42005.13,667,Part-time,Southeast,2025-07-12
CUST104000,36,42044.06,646,Full-time,West,2025-11-03
CUST104001,42,24265.99,740,Full-time,Southeast,2024-04-06
CUST104002,36,41996.93,827,Full-time,West,2024-11-13
CUST104003,56,23964.48,673,Student,Southwest,2024-06-29
CUST104004,48,68465.94,659,Part-time,Northeast,2024-11-08
CUST104005,30,136970.91,679,Self-employed,Midwest,2026-05-30
CUST104006,30,49899.86,610,Full-time,Northeast,2025-12-26
CUST104007,38,30160.07,717,Unemployed,West,2025-07-09
CUST104008,25,15000.0,693,Full-time,Southwest,2025-11-13
CUST104009,45,18807.13,628,Self-employed,Midwest,2024-06-14
CUST104010,37,80796.41,727,Full-time,Southwest,2025-06-12
CUST104011,36,25257.13,661,Unemployed,Southwest,2026-02-03
CUST104012,40,33966.31,587,Part-time,Midwest,2025-03-11
CUST104013,51,53900.59,686,Full-time,Southeast,2025-09-18
CUST104014,35,78200.43,677,Full-time,Southeast,2026-04-24
CUST104015,32,36687.3,732,Full-time,Southeast,2024-05-12
CUST104016,49,33453.11,722,Full-time,Southwest,2024-05-13
CUST104017,43,41449.43,651,Full-time,Midwest,2024-10-07
CUST104018,30,30259.42,624,Full-time,Midwest,2025-11-13
CUST104019,34,31001.21,660,Full-time,Southwest,2024-08-19
CUST104020,35,48307.69,687,Full-time,Midwest,2025-12-06
CUST104021,37,43624.8,696,Self-employed,West,2024-07-09
CUST104022,20,104738.54,682,Full-time,Southeast,2024-07-05
CUST104023,18,48897.52,653,Full-time,Northeast,2026-03-18
CUST104024,25,67374.07,734,Unemployed,Midwest,2025-11-13
CUST104025,24,24783.21,609,Full-time,Midwest,2024-12-13
CUST104026,27,50834.0,845,Part-time,West,2026-01-22
CUST104027,40,28988.61,717,Student,Southwest,2024-09-14
CUST104028,32,47951.91,575,Self-employed,West,2024-12-31
CUST104029,35,54711.63,673,Full-time,Northeast,2026-01-28
CUST104030,21,41045.68,717,Full-time,Midwest,2024-10-08
CUST104031,29,118574.48,633,Self-employed,West,2026-07-07
CUST104032,39,76312.41,547,Self-employed,Midwest,2025-09-13
CUST104033,39,68170.04,582,Full-time,Southeast,2026-03-11
CUST104034,26,56609.31,700,Part-time,Southwest,2026-08-13
CUST104035,35,88744.11,528,Unemployed,West,2024-11-06
CUST104036,55,21022.82,551,Self-employed,Southeast,2026-04-03
CUST104037,33,74356.58,700,Full-time,Midwest,2024-12-17
CUST104038,27,25692.13,643,Full-time,West,2026-06-09
CUST104039,32,31133.74,607,Full-time,Northeast,2024-06-29
CUST104040,34,51669.69,622,Full-time,Northeast,2024-04-15
CUST104041,32,69908.96,549,Part-time,Southwest,2025-11-11
CUST104042,33,23882.24,696,Full-time,Southwest,2025-06-17
CUST104043,19,31867.91,599,Full-time,Northeast,2025-02-19
CUST104044,24,41935.56,619,Full-time,Midwest,2025-03-18
CUST104045,32,36906.22,686,Unemployed,Southwest,2026-07-21
CUST104046,32,58942.31,640,Unemployed,West,2024-04-14
CUST104047,28,188370.76,607,Self-employed,West,2024-05-22
CUST104048,32,48469.71,510,Unemployed,Southeast,2025-06-16
CUST104049,34,28829.71,687,Student,Midwest,2025-04-18
CUST104050,42,22394.51,665,Full-time,Southwest,2026-03-19
CUST104051,33,34670.2,621,Full-time,Southeast,2024-10-31
CUST104052,37,26288.52,582,Self-employed,Northeast,2025-05-23
CUST104053,28,49533.15,660,Part-time,Midwest,2025-12-10
CUST104054,39,49188.23,696,Full-time,Southwest,2025-11-19
CUST104055,37,32583.92,667,Student,Midwest,2026-06-03
CUST104056,42,98049.7,782,Full-time,Southwest,2024-09-26
CUST104057,41,28826.45,712,Unemployed,Southwest,2026-06-20
CUST104058,39,38034.77,651,Part-time,West,2025-04-10
CUST104059,33,53509.97,715,Full-time,Southwest,2024-09-04
CUST104060,36,59959.51,663,Unemployed,Northeast,2026-06-29
CUST104061,44,71318.39,663,Self-employed,Midwest,2026-04-03
CUST104062,27,48670.26,757,Part-time,Northeast,2024-10-19
CUST104063,27,64402.69,592,Part-time,Southwest,2024-08-27
CUST104064,35,29753.48,661,Full-time,West,2026-06-04
CUST104065,38,60665.89,749,Full-time,Southwest,2025-12-26
CUST104066,25,60302.46,683,Full-time,Southeast,2025-03-04
CUST104067,33,79284.59,632,Full-time,Southwest,2025-04-30
CUST104068,33,18943.27,532,Full-time,Northeast,2025-05-21
CUST104069,18,26682.62,489,Full-time,Southeast,2025-12-29
CUST104070,31,58128.62,815,Full-time,Southeast,2025-05-02
CUST104071,32,15000.0,683,Part-time,Midwest,2026-07-01
CUST104072,32,50081.29,616,Full-time,Southeast,2024-07-15
CUST104073,48,64660.9,686,Full-time,Midwest,2025-04-29
CUST104074,21,30965.57,588,Student,Northeast,2025-09-23
CUST104075,25,33071.08,635,Student,West,2025-09-28
CUST104076,18,24751.42,589,Self-employed,Southeast,2025-09-26
CUST104077,29,31739.07,554,Full-time,West,2025-07-31
CUST104078,30,32155.67,502,Self-employed,Northeast,2026-02-27
CUST104079,28,29516.99,540,Full-time,West,2025-03-08
CUST104080,45,28797.53,736,Part-time,Southwest,2026-03-07
CUST104081,42,35526.99,585,Unemployed,Southeast,2025-11-14
CUST104082,34,35334.07,700,Full-time,Southwest,2024-07-17
CUST104083,30,93279.85,731,Student,Southwest,2025-04-10
CUST104084,44,33611.27,661,Self-employed,Southwest,2024-06-19
CUST104085,33,46857.56,637,Full-time,West,2025-01-18
CUST104086,25,30958.49,669,Full-time,West,2024-10-01
CUST104087,18,30781.89,628,Self-employed,Northeast,2026-05-28
CUST104088,29,18639.41,750,Full-time,Southeast,2025-06-01
CUST104089,41,19789.07,800,Full-time,Northeast,2025-10-13
CUST104090,56,23314.97,768,Full-time,Northeast,2026-07-30
CUST104091,34,43593.51,498,Student,Northeast,2026-05-27
CUST104092,26,65138.96,627,Full-time,Southwest,2026-03-01
CUST104093,22,17961.77,660,Student,Southwest,2026-08-07
CUST104094,39,31348.3,694,Part-time,Northeast,2025-07-29
CUST104095,18,21696.35,530,Full-time,Midwest,2026-06-30
CUST104096,39,35634.71,529,Full-time,Northeast,2024-08-26
CUST104097,42,65127.12,758,Self-employed,Northeast,2025-03-16
CUST104098,38,32823.6,618,Full-time,Northeast,2024-04-28
CUST104099,31,39285.76,548,Full-time,Midwest,2026-06-01
CUST104100,39,77253.91,577,Full-time,Northeast,2026-06-05
CUST104101,35,49318.54,689,Unemployed,Southwest,2024-07-19
CUST104102,26,28508.53,598,Part-time,West,2025-09-06
CUST104103,52,43110.07,678,Full-time,West,2024-10-22
CUST104104,30,27656.14,586,Full-time,West,2026-03-01
CUST104105,41,48495.04,529,Full-time,Southwest,2026-08-06
CUST104106,18,50609.93,766,Self-employed,West,2025-06-06
CUST104107,46,21693.72,689,Full-time,West,2025-04-02
CUST104108,48,43426.16,634,Student,Southeast,2026-05-09
CUST104109,34,38066.58,620,Unemployed,Southwest,2026-08-05
CUST104110,39,51282.5,769,Full-time,Southeast,2026-02-10
CUST104111,39,58343.67,704,Unemployed,West,2026-05-11
CUST104112,27,49754.31,746,Part-time,Northeast,2024-03-30
CUST104113,39,35016.09,616,Part-time,Midwest,2024-04-06
CUST104114,25,61083.59,663,Full-time,Southeast,2026-07-31
CUST104115,27,27095.47,690,Unemployed,West,2025-07-12
CUST104116,45,22153.82,618,Full-time,Southeast,2025-09-13
CUST104117,43,15000.0,652,Self-employed,West,2026-07-21
CUST104118,26,38887.83,616,Full-time,Midwest,2025-01-11
CUST104119,26,27730.94,689,Full-time,Southwest,2024-08-04
CUST104120,27,48001.59,560,Student,Midwest,2025-02-28
CUST104121,41,16530.26,702,Full-time,Midwest,2024-06-06
CUST104122,24,29994.51,683,Full-time,Southeast,2025-02-05
CUST104123,37,49593.82,644,Self-employed,Southeast,2025-04-23
CUST104124,41,25249.81,693,Full-time,Southwest,2024-05-11
CUST104125,33,48250.7,632,Unemployed,Southeast,2024-12-07
CUST104126,44,31236.41,609,Unemployed,West,2024-10-17
CUST104127,30,39546.65,700,Full-time,Northeast,2024-10-04
CUST104128,31,52460.78,704,Part-time,Southeast,2026-07-17
CUST104129,24,61621.04,621,Student,Northeast,2024-11-12
CUST104130,44,41840.56,615,Student,West,2024-10-31
CUST104131,26,27825.14,646,Full-time,Midwest,2025-06-09
CUST104132,37,32659.22,618,Part-time,Northeast,2025-04-09
CUST104133,33,53456.84,774,Part-time,Northeast,2024-08-19
CUST104134,23,25347.51,683,Full-time,West,2026-04-12
CUST104135,27,37044.31,661,Part-time,West,2025-05-12
CUST104136,47,33737.06,590,Full-time,Southeast,2024-10-12
CUST104137,36,38310.8,715,Full-time,Southwest,2025-12-31
CUST104138,23,25484.43,614,Full-time,Southeast,2025-12-27
CUST104139,37,17441.8,611,Unemployed,West,2026-08-10
CUST104140,32,50733.12,717,Full-time,Southwest,2025-11-15
CUST104141,68,61936.14,689,Full-time,Midwest,2025-10-06
CUST104142,36,17917.29,472,Full-time,West,2024-05-07
CUST104143,30,47382.9,648,Full-time,Southeast,2026-06-03
CUST104144,48,65344.75,669,Student,West,2025-01-28
CUST104145,18,52478.56,634,Full-time,Southeast,2026-06-19
CUST104146,34,33272.9,672,Full-time,West,2024-09-17
CUST104147,53,26250.14,524,Student,West,2025-07-01
CUST104148,32,41624.33,447,Full-time,Midwest,2025-08-08
CUST104149,18,44869.04,586,Full-time,Northeast,2024-05-15
CUST104150,30,41903.03,681,Self-employed,Southwest,2024-10-31
CUST104151,48,37009.85,418,Self-employed,Southwest,2026-05-14
CUST104152,37,24656.77,596,Full-time,West,2025-12-25
CUST104153,25,48543.22,515,Self-employed,Southeast,2025-12-18
CUST104154,27,49606.87,641,Part-time,Southeast,2025-03-01
CUST104155,28,43930.76,806,Part-time,Southeast,2024-08-21
CUST104156,37,42190.36,643,Full-time,Southeast,2025-02-05
CUST104157,47,85447.91,651,Self-employed,Northeast,2025-08-29
CUST104158,44,30303.83,722,Part-time,Northeast,2024-11-02
CUST104159,38,71442.33,661,Self-employed,Midwest,2024-10-22
CUST104160,20,28844.91,643,Student,West,2026-06-04
CUST104161,20,66106.86,729,Unemployed,Northeast,2025-04-29
CUST104162,39,69913.59,695,Self-employed,Southeast,2024-12-03
CUST104163,20,35176.27,681,Full-time,West,2025-03-06
CUST104164,31,84747.66,649,Full-time,Northeast,2026-01-12
CUST104165,37,49566.29,634,Part-time,Northeast,2026-03-26
CUST104166,22,27044.19,728,Full-time,West,2025-12-03
CUST104167,23,33915.57,634,Self-employed,Southeast,2025-10-11
CUST104168,33,66819.02,752,Self-employed,Southeast,2024-06-03
CUST104169,39,60802.07,581,Part-time,Northeast,2025-02-19
CUST104170,44,24931.36,767,Full-time,Midwest,2024-08-16
CUST104171,40,37696.94,695,Unemployed,West,2026-07-21
CUST104172,34,43984.18,587,Part-time,West,2024-10-01
CUST104173,26,31938.83,698,Full-time,Southwest,2026-03-03
CUST104174,23,115961.08,611,Part-time,Southwest,2025-04-08
CUST104175,28,44584.82,662,Full-time,Southwest,2025-09-11
CUST104176,38,39033.85,623,Self-employed,Southwest,2024-07-23
CUST104177,37,68588.69,650,Full-time,Midwest,2025-01-04
CUST104178,18,34052.34,730,Part-time,Southeast,2025-07-09
CUST104179,26,63154.69,698,Full-time,West,2025-05-27
CUST104180,46,18949.26,575,Full-time,West,2024-12-06
CUST104181,34,32723.73,579,Full-time,Northeast,2024-11-26
CUST104182,19,64349.32,680,Full-time,Northeast,2025-04-02
CUST104183,57,81355.93,685,Unemployed,Southwest,2024-11-19
CUST104184,33,28339.64,609,Self-employed,Northeast,2024-09-26
CUST104185,37,26891.9,779,Full-time,West,2026-07-17
CUST104186,37,51810.64,721,Full-time,West,2025-09-28
CUST104187,30,30322.18,613,Self-employed,Northeast,2024-06-20
CUST104188,26,35565.81,605,Full-time,Southwest,2025-11-07
CUST104189,55,59538.73,642,Full-time,Northeast,2024-08-26
CUST104190,44,31418.56,635,Full-time,Southeast,2025-04-23
CUST104191,42,16573.47,754,Part-time,Midwest,2025-12-21
CUST104192,39,22348.44,733,Student,Southwest,2025-10-13
CUST104193,23,40315.05,662,Full-time,Northeast,2025-06-18
CUST104194,46,17351.94,710,Student,Northeast,2026-04-27
CUST104195,25,35111.28,721,Unemployed,Southeast,2025-11-18
CUST104196,36,21451.64,664,Student,Southwest,2024-12-29
CUST104197,18,83949.66,690,Self-employed,Midwest,2024-06-16
CUST104198,18,106331.21,704,Unemployed,Southeast,2024-05-09
CUST104199,37,24929.6,696,Part-time,Northeast,2025-09-14
CUST104200,25,45050.59,601,Unemployed,West,2024-09-22
CUST104201,18,26051.18,609,Full-time,Southwest,2025-09-03
CUST104202,39,34919.75,638,Self-employed,West,2024-09-11
CUST104203,55,90360.38,607,Part-time,Midwest,2024-06-11
CUST104204,47,32532.35,549,Full-time,West,2025-07-22
CUST104205,31,35287.47,710,Full-time,Southwest,2025-03-09
CUST104206,34,26261.57,685,Full-time,Midwest,2024-07-20
CUST104207,42,67223.97,559,Full-time,Midwest,2026-04-16
CUST104208,45,15000.0,641,Full-time,Midwest,2026-01-11
CUST104209,30,32883.99,646,Full-time,Midwest,2025-02-15
CUST104210,34,39314.6,673,Full-time,Southwest,2026-03-11
CUST104211,37,29807.5,578,Part-time,Midwest,2024-09-21
CUST104212,39,59195.18,558,Full-time,West,2025-12-25
CUST104213,32,68934.52,698,Full-time,West,2025-10-24
CUST104214,32,21259.99,544,Full-time,Midwest,2024-09-07
CUST104215,47,102957.24,642,Full-time,Southeast,2025-05-12
CUST104216,46,21152.93,635,Full-time,Southwest,2024-09-24
CUST104217,38,71674.03,650,Student,Southwest,2025-02-14
CUST104218,51,42934.13,678,Full-time,Southeast,2025-05-23
CUST104219,30,31994.99,779,Full-time,West,2025-05-26
CUST104220,50,33382.43,540,Part-time,Southwest,2024-09-14
CUST104221,39,39534.11,725,Unemployed,Southwest,2024-03-27
CUST104222,66,44081.17,471,Full-time,Southwest,2026-07-23
CUST104223,22,26527.32,764,Full-time,Southeast,2025-05-30
CUST104224,27,36124.52,506,Part-time,Southwest,2024-10-01
CUST104225,38,28373.11,842,Full-time,Northeast,2025-01-31
CUST104226,37,23230.65,630,Full-time,Southwest,2025-06-18
CUST104227,53,27783.84,756,Student,Midwest,2024-09-22
CUST104228,27,23920.99,741,Student,Midwest,2025-07-02
CUST104229,43,33220.76,627,Part-time,Southwest,2026-04-17
CUST104230,45,48757.47,633,Full-time,Southeast,2025-12-20
CUST104231,41,42375.25,597,Part-time,Southwest,2026-07-06
CUST104232,24,97582.67,719,Student,Northeast,2024-12-11
CUST104233,48,15000.0,628,Student,Southwest,2024-04-19
CUST104234,46,49573.09,598,Full-time,Southwest,2025-09-17
CUST104235,39,40250.96,700,Full-time,Northeast,2024-11-14
CUST104236,36,57933.53,592,Full-time,Southwest,2024-04-11
CUST104237,36,55404.13,635,Self-employed,Southwest,2025-09-05
CUST104238,33,37262.91,668,Full-time,Midwest,2024-07-07
CUST104239,40,43377.37,611,Full-time,Southwest,2026-07-29
CUST104240,34,28714.83,623,Full-time,Northeast,2025-01-01
CUST104241,25,52899.86,775,Full-time,West,2026-03-22
CUST104242,23,17231.7,644,Unemployed,West,2024-10-03
CUST104243,26,56929.67,633,Full-time,Southwest,2026-08-05
CUST104244,36,39718.48,646,Full-time,Northeast,2024-08-19
CUST104245,33,32235.45,694,Self-employed,Midwest,2025-09-03
CUST104246,36,36147.39,582,Part-time,West,2026-01-19
CUST104247,39,37360.22,692,Self-employed,Southwest,2025-04-18
CUST104248,27,71954.32,679,Self-employed,West,2024-04-04
CUST104249,48,171969.45,525,Full-time,Southwest,2026-03-27
CUST104250,31,69490.26,794,Full-time,Southwest,2025-11-17
CUST104251,29,31119.92,769,Full-time,Southeast,2025-02-03
CUST104252,38,53284.56,599,Self-employed,West,2026-05-24
CUST104253,18,54339.04,575,Student,Midwest,2024-05-05
CUST104254,26,26467.63,677,Full-time,West,2025-05-15
CUST104255,43,22757.28,553,Self-employed,Southeast,2024-04-04
CUST104256,18,39008.06,762,Self-employed,Southeast,2025-08-17
CUST104257,45,57726.32,624,Student,Northeast,2024-08-19
CUST104258,49,19432.19,781,Full-time,Southwest,2025-10-30
CUST104259,30,29015.8,598,Full-time,Southwest,2025-07-23
CUST104260,36,51932.15,651,Self-employed,Southeast,2025-10-16
CUST104261,45,40895.51,755,Self-employed,Southeast,2025-04-24
CUST104262,29,75911.47,635,Self-employed,Midwest,2026-01-31
CUST104263,42,21266.42,680,Unemployed,Southwest,2025-06-02
CUST104264,27,115667.41,741,Full-time,Southeast,2024-08-13
CUST104265,29,20088.51,618,Part-time,Midwest,2026-03-31
CUST104266,26,16104.86,565,Full-time,Northeast,2024-09-23
CUST104267,37,39084.81,550,Full-time,West,2024-07-31
CUST104268,45,24088.59,703,Full-time,West,2026-07-14
CUST104269,32,39440.95,689,Full-time,Southwest,2025-01-03
CUST104270,21,38825.13,739,Full-time,West,2025-06-17
CUST104271,23,36750.3,639,Part-time,Southwest,2025-02-04
CUST104272,37,27471.79,552,Unemployed,West,2025-11-30
CUST104273,52,48761.45,483,Full-time,Midwest,2026-02-03
CUST104274,37,34793.93,850,Full-time,Southeast,2025-12-07
CUST104275,30,65949.8,699,Full-time,West,2026-04-02
CUST104276,41,37005.89,670,Full-time,Northeast,2025-08-26
CUST104277,31,26001.48,680,Full-time,Midwest,2024-07-15
CUST104278,30,18779.67,552,Part-time,Southwest,2024-10-05
CUST104279,24,37143.75,600,Unemployed,Southwest,2026-03-10
CUST104280,48,22671.36,790,Full-time,Southwest,2025-04-15
CUST104281,18,21862.26,709,Part-time,Midwest,2026-06-10
CUST104282,41,50886.64,602,Self-employed,West,2026-06-23
CUST104283,29,18034.62,567,Full-time,Southeast,2025-02-15
CUST104284,29,75772.22,621,Full-time,Northeast,2025-11-23
CUST104285,50,43125.61,636,Full-time,Southwest,2024-12-09
CUST104286,26,39350.77,813,Full-time,Southeast,2026-03-31
CUST104287,27,25193.85,645,Unemployed,Midwest,2026-05-01
CUST104288,32,56611.51,570,Full-time,Midwest,2024-11-29
CUST104289,38,40082.41,655,Full-time,Southeast,2026-02-15
CUST104290,29,29473.79,679,Full-time,West,2026-06-24
CUST104291,18,43911.04,563,Full-time,Southeast,2024-09-26
CUST104292,25,18821.34,690,Student,Southwest,2024-12-08
CUST104293,46,19227.61,750,Full-time,Northeast,2024-05-27
CUST104294,34,24243.8,670,Self-employed,West,2025-03-10
CUST104295,38,46971.08,600,Full-time,West,2025-06-25
CUST104296,31,40076.03,620,Full-time,Northeast,2025-01-07
CUST104297,27,64346.68,535,Full-time,Southwest,2024-09-23
CUST104298,50,26529.29,649,Unemployed,Midwest,2025-02-12
CUST104299,32,51979.28,683,Full-time,Northeast,2025-11-09
CUST104300,29,38130.06,592,Self-employed,Southwest,2024-06-30
CUST104301,44,26255.47,805,Full-time,Southwest,2024-12-10
CUST104302,26,47733.49,719,Part-time,West,2024-07-11
CUST104303,28,38960.15,525,Part-time,Southwest,2025-04-16
CUST104304,34,30239.26,527,Part-time,Southwest,2025-07-18
CUST104305,34,40900.58,586,Full-time,Southwest,2024-08-10
CUST104306,36,37862.31,777,Full-time,Southwest,2025-02-27
CUST104307,54,37452.94,726,Unemployed,Midwest,2024-10-07
CUST104308,37,33334.0,781,Part-time,Southwest,2024-06-30
CUST104309,18,22309.62,660,Full-time,Northeast,2025-12-09
CUST104310,37,41508.12,644,Full-time,Southwest,2026-02-27
CUST104311,34,27966.94,566,Full-time,Southeast,2026-04-05
CUST104312,34,25358.06,686,Full-time,Midwest,2025-03-10
CUST104313,36,36014.79,645,Full-time,Southwest,2024-09-10
CUST104314,33,55843.7,642,Full-time,Northeast,2024-04-16
CUST104315,33,43631.13,781,Full-time,Southwest,2026-07-16
CUST104316,40,31602.33,650,Part-time,Southeast,2026-08-12
CUST104317,28,31035.73,759,Student,Southwest,2024-12-31
CUST104318,24,53429.38,540,Self-employed,Southwest,2025-12-22
CUST104319,64,15000.0,850,Full-time,Northeast,2025-06-25
CUST104320,26,57458.27,632,Self-employed,Southeast,2026-06-06
CUST104321,35,17269.43,713,Full-time,West,2026-06-09
CUST104322,19,21227.79,724,Part-time,Southeast,2025-05-11
CUST104323,35,31843.24,622,Full-time,Midwest,2024-12-22
CUST104324,24,106569.84,721,Full-time,Northeast,2024-07-03
CUST104325,29,85377.57,725,Part-time,Southwest,2025-06-19
CUST104326,44,55155.93,606,Full-time,Northeast,2025-01-29
CUST104327,38,47119.59,607,Part-time,Southeast,2024-07-26
CUST104328,39,17360.89,663,Part-time,Midwest,2025-08-03
CUST104329,18,43068.24,651,Full-time,Southwest,2026-02-13
CUST104330,52,31346.26,764,Full-time,Midwest,2024-08-25
CUST104331,22,27791.87,712,Part-time,West,2026-08-11
CUST104332,49,43030.37,654,Self-employed,Midwest,2025-12-16
CUST104333,44,32467.68,705,Self-employed,Southeast,2026-04-22
CUST104334,39,59348.66,506,Full-time,Northeast,2025-01-31
CUST104335,25,16794.73,613,Self-employed,Southwest,2025-12-22
CUST104336,35,41512.72,681,Full-time,Midwest,2025-10-18
CUST104337,29,27021.99,743,Full-time,Southwest,2025-01-23
CUST104338,34,33378.39,674,Part-time,Southeast,2025-11-29
CUST104339,31,46031.53,769,Full-time,Southeast,2025-10-02
CUST104340,18,24275.22,725,Full-time,Midwest,2025-06-05
CUST104341,45,43213.34,623,Full-time,Southeast,2026-05-03
CUST104342,33,36477.39,649,Self-employed,West,2024-05-22
CUST104343,29,29814.08,690,Unemployed,Southwest,2024-04-12
CUST104344,28,32475.54,626,Student,West,2024-12-01
CUST104345,37,37438.38,774,Full-time,Southeast,2026-05-11
CUST104346,25,28409.35,576,Full-time,Northeast,2025-06-28
CUST104347,18,40263.17,683,Self-employed,Northeast,2025-10-09
CUST104348,38,35412.51,715,Full-time,West,2026-03-22
CUST104349,39,30482.95,636,Full-time,West,2024-07-12
CUST104350,32,82078.3,619,Full-time,Southwest,2025-08-17
CUST104351,22,48380.78,654,Part-time,Midwest,2025-01-23
CUST104352,34,33785.25,720,Part-time,Southeast,2024-12-20
CUST104353,19,42857.55,622,Full-time,Southwest,2025-11-08
CUST104354,23,25284.1,579,Full-time,Midwest,2025-10-14
CUST104355,26,32973.28,746,Self-employed,Southwest,2024-04-21
CUST104356,42,34751.05,689,Part-time,Northeast,2024-08-26
CUST104357,30,22901.16,735,Full-time,Midwest,2025-06-04
CUST104358,29,47777.46,716,Full-time,Southwest,2025-05-06
CUST104359,53,31967.48,823,Student,Southwest,2026-08-06
CUST104360,37,34202.02,743,Part-time,Northeast,2026-02-17
CUST104361,37,31072.43,605,Part-time,Northeast,2026-08-08
CUST104362,30,151993.15,695,Part-time,West,2024-09-11
CUST104363,28,29786.88,618,Student,Southeast,2024-05-17
CUST104364,18,15821.03,625,Full-time,Midwest,2026-03-25
CUST104365,43,19536.32,554,Full-time,Southwest,2025-12-12
CUST104366,38,56482.5,638,Full-time,Midwest,2025-10-11
CUST104367,32,73233.17,700,Self-employed,West,2024-09-06
CUST104368,32,29530.86,655,Full-time,West,2025-08-24
CUST104369,41,71362.47,577,Full-time,Southeast,2026-07-07
CUST104370,18,56034.09,545,Full-time,Northeast,2025-03-22
CUST104371,28,36854.53,818,Part-time,West,2026-04-08
CUST104372,22,35696.19,684,Part-time,Southwest,2025-01-29
CUST104373,51,43538.1,598,Full-time,Southwest,2024-07-29
CUST104374,42,59566.89,694,Full-time,Midwest,2026-06-16
CUST104375,18,47991.66,824,Self-employed,Midwest,2024-04-01
CUST104376,18,29597.24,706,Full-time,Northeast,2025-01-14
CUST104377,32,37108.7,450,Self-employed,Midwest,2026-06-29
CUST104378,29,97886.95,850,Full-time,Midwest,2026-02-03
CUST104379,20,44938.32,521,Unemployed,Northeast,2026-03-21
CUST104380,53,59349.35,644,Full-time,Southwest,2024-07-06
CUST104381,37,51172.02,574,Part-time,Southwest,2024-11-23
CUST104382,38,45388.36,604,Full-time,West,2025-09-23
CUST104383,27,42146.82,681,Full-time,Northeast,2025-05-10
CUST104384,41,60103.65,504,Self-employed,Southeast,2025-10-14
CUST104385,30,55458.43,653,Part-time,Midwest,2025-08-25
CUST104386,31,45195.47,746,Self-employed,West,2025-02-04
CUST104387,40,29372.29,596,Part-time,Southeast,2026-02-25
CUST104388,18,47738.88,555,Part-time,West,2024-10-22
CUST104389,49,38942.69,649,Unemployed,West,2024-05-13
CUST104390,35,34936.41,634,Full-time,Northeast,2024-04-18
CUST104391,46,133980.45,615,Unemployed,Southeast,2026-03-17
CUST104392,23,20078.94,570,Full-time,Southeast,2025-08-20
CUST104393,24,61779.74,698,Full-time,Midwest,2025-12-26
CUST104394,22,27222.47,704,Self-employed,West,2025-02-07
CUST104395,36,42575.66,580,Full-time,Southeast,2025-11-04
CUST104396,34,127499.07,590,Full-time,Southwest,2025-09-04
CUST104397,29,26028.15,670,Full-time,Northeast,2026-04-15
CUST104398,23,28976.99,587,Full-time,Midwest,2025-04-13
CUST104399,21,39819.77,673,Part-time,Southeast,2025-05-04
CUST104400,33,27412.44,770,Full-time,West,2025-04-21
CUST104401,29,59744.08,655,Full-time,Southwest,2025-10-21
CUST104402,27,31554.19,568,Full-time,Southeast,2024-10-25
CUST104403,49,53868.67,689,Full-time,Southwest,2025-03-03
CUST104404,33,22067.58,646,Full-time,Southeast,2026-03-13
CUST104405,46,17799.5,648,Full-time,Midwest,2025-09-27
CUST104406,28,36205.15,695,Self-employed,Midwest,2025-01-16
CUST104407,36,19814.54,711,Self-employed,West,2026-05-04
CUST104408,33,79476.85,662,Full-time,Southeast,2025-10-11
CUST104409,18,20162.68,655,Full-time,Northeast,2024-07-15
CUST104410,48,25160.76,814,Full-time,Northeast,2025-07-25
CUST104411,32,48345.53,750,Full-time,West,2025-05-27
CUST104412,41,30826.69,722,Full-time,Southeast,2024-12-29
CUST104413,26,20266.52,669,Unemployed,Northeast,2025-11-06
CUST104414,32,100507.12,584,Self-employed,Midwest,2024-08-24
CUST104415,25,25572.29,744,Full-time,West,2026-07-30
CUST104416,46,36742.3,670,Full-time,West,2025-06-28
CUST104417,37,36529.06,616,Part-time,West,2025-03-11
CUST104418,37,55250.86,641,Student,Southwest,2026-01-18
CUST104419,47,49417.44,587,Full-time,West,2024-10-02
CUST104420,45,27665.45,739,Self-employed,Southwest,2026-06-05
CUST104421,41,34661.25,711,Full-time,Northeast,2025-01-25
CUST104422,19,36238.77,673,Self-employed,Midwest,2025-02-08
CUST104423,27,56220.22,656,Full-time,Midwest,2024-09-27
CUST104424,23,23724.3,608,Part-time,Midwest,2026-02-14
CUST104425,41,99523.57,500,Full-time,West,2026-04-01
CUST104426,35,28520.19,554,Full-time,West,2025-03-26
CUST104427,20,39977.13,604,Part-time,Midwest,2024-04-20
CUST104428,32,23813.42,593,Part-time,Northeast,2024-09-30
CUST104429,19,22377.88,681,Part-time,Southeast,2026-02-11
CUST104430,33,27078.82,720,Full-time,Northeast,2025-08-24
CUST104431,18,25932.82,650,Self-employed,Midwest,2025-12-24
CUST104432,39,33309.05,765,Full-time,Southeast,2024-10-04
CUST104433,37,25834.49,601,Part-time,Northeast,2025-05-25
CUST104434,53,54885.18,649,Full-time,Northeast,2025-07-29
CUST104435,42,28216.36,656,Full-time,Midwest,2026-08-09
CUST104436,29,26843.61,741,Full-time,Northeast,2025-02-08
CUST104437,42,33629.67,667,Student,Northeast,2025-07-25
CUST104438,20,62741.44,670,Part-time,Southeast,2026-07-10
CUST104439,24,44209.47,535,Full-time,Southwest,2026-02-24
CUST104440,37,38374.16,592,Self-employed,Southwest,2024-11-19
CUST104441,18,21059.98,742,Full-time,Southeast,2024-10-31
CUST104442,33,23999.33,504,Full-time,Southwest,2025-06-10
CUST104443,23,22577.64,760,Full-time,Northeast,2024-10-23
CUST104444,35,72264.12,697,Self-employed,Southwest,2024-11-09
CUST104445,23,50957.81,603,Student,Northeast,2025-02-24
CUST104446,38,27235.34,597,Student,Northeast,2026-02-13
CUST104447,34,31133.28,802,Full-time,West,2025-08-12
CUST104448,48,27684.26,765,Full-time,Midwest,2024-09-02
CUST104449,34,26939.87,651,Self-employed,Midwest,2025-11-17
CUST104450,26,49371.84,670,Full-time,Southeast,2025-01-16
CUST104451,31,35263.68,611,Part-time,Southwest,2024-08-24
CUST104452,20,102388.07,670,Student,Southwest,2025-05-07
CUST104453,38,70450.24,609,Full-time,Southwest,2025-05-29
CUST104454,39,72349.67,654,Full-time,Southeast,2026-03-03
CUST104455,58,54290.83,795,Unemployed,Southwest,2025-06-08
CUST104456,27,33183.35,652,Part-time,Southwest,2026-07-08
CUST104457,31,52522.97,581,Student,Midwest,2026-05-07
CUST104458,28,34304.28,557,Part-time,Southeast,2025-04-29
CUST104459,36,83585.41,669,Full-time,Southwest,2026-02-05
CUST104460,37,48142.74,602,Self-employed,Midwest,2025-10-15
CUST104461,33,45164.3,678,Self-employed,Southeast,2025-10-04
CUST104462,44,42496.74,538,Student,West,2025-06-28
CUST104463,27,87826.62,711,Full-time,Midwest,2024-12-13
CUST104464,43,21053.29,580,Full-time,Midwest,2025-07-21
CUST104465,39,91787.33,663,Full-time,Southeast,2024-08-08
CUST104466,33,36909.74,634,Full-time,Southwest,2025-06-20
CUST104467,30,21316.42,788,Student,West,2024-04-02
CUST104468,58,28609.83,672,Student,Southwest,2024-03-27
CUST104469,25,19094.14,805,Full-time,Midwest,2025-08-07
CUST104470,36,53860.12,702,Student,Southwest,2024-10-17
CUST104471,26,25153.9,766,Full-time,Southeast,2025-07-15
CUST104472,51,43299.68,644,Self-employed,Northeast,2024-07-13
CUST104473,42,66862.77,685,Part-time,Southwest,2024-10-16
CUST104474,27,29661.12,751,Self-employed,Northeast,2025-10-23
CUST104475,39,35573.4,727,Self-employed,Northeast,2025-11-07
CUST104476,36,22325.5,699,Part-time,Southwest,2024-07-08
CUST104477,28,33699.53,635,Unemployed,Midwest,2025-04-30
CUST104478,41,127811.35,648,Full-time,West,2024-12-17
CUST104479,37,56958.03,745,Self-employed,West,2025-01-01
CUST104480,36,35627.44,760,Full-time,Northeast,2026-03-22
CUST104481,33,30477.39,615,Full-time,Southwest,2026-01-20
CUST104482,38,39372.19,604,Self-employed,Southeast,2024-06-21
CUST104483,36,42553.73,592,Self-employed,Southwest,2025-12-13
CUST104484,34,33236.99,722,Unemployed,Northeast,2024-07-19
CUST104485,27,50946.26,590,Full-time,Midwest,2025-10-08
CUST104486,50,26132.86,721,Full-time,Southwest,2024-08-07
CUST104487,23,26074.82,700,Full-time,Midwest,2025-03-29
CUST104488,38,47409.98,619,Unemployed,Midwest,2026-05-19
CUST104489,30,23720.89,777,Student,Northeast,2025-12-21
CUST104490,51,55717.96,550,Unemployed,Northeast,2024-05-07
CUST104491,24,39877.75,784,Full-time,Southwest,2026-02-13
CUST104492,26,17631.47,683,Unemployed,Midwest,2026-01-28
CUST104493,24,42162.0,504,Full-time,Midwest,2026-04-05
CUST104494,37,18801.35,779,Student,Southeast,2025-03-01
CUST104495,20,54831.1,732,Part-time,Northeast,2024-09-08
CUST104496,29,35885.14,627,Full-time,Southwest,2024-05-21
CUST104497,18,92317.4,587,Part-time,Northeast,2024-07-04
CUST104498,36,64996.64,542,Self-employed,Southwest,2024-07-06
CUST104499,28,24901.63,841,Full-time,Northeast,2024-06-17
CUST104500,19,16166.02,590,Full-time,West,2025-04-07
CUST104501,44,28572.63,565,Self-employed,Southeast,2024-08-29
CUST104502,20,23165.83,680,Student,West,2025-02-07
CUST104503,41,91270.43,537,Part-time,Northeast,2026-04-16
CUST104504,26,39948.98,586,Full-time,Midwest,2026-07-23
CUST104505,50,61086.03,734,Part-time,Midwest,2026-05-20
CUST104506,41,35303.45,694,Full-time,Northeast,2025-10-17
CUST104507,23,37017.63,631,Full-time,Midwest,2025-06-05
CUST104508,24,39549.88,661,Full-time,Southeast,2025-02-04
CUST104509,40,66035.17,626,Full-time,Midwest,2025-05-17
CUST104510,31,46176.72,655,Full-time,Southeast,2025-09-29
CUST104511,32,24939.29,602,Full-time,Northeast,2024-11-14
CUST104512,46,83293.96,616,Full-time,Southwest,2024-07-25
CUST104513,26,35180.0,614,Part-time,Midwest,2026-02-01
CUST104514,34,32696.26,605,Full-time,West,2025-12-29
CUST104515,43,15000.0,738,Full-time,West,2024-05-26
CUST104516,42,53395.4,717,Full-time,Southeast,2024-04-21
CUST104517,32,42001.29,590,Self-employed,Southeast,2025-11-17
CUST104518,31,41980.75,570,Self-employed,West,2025-05-27
CUST104519,18,33480.85,648,Full-time,Southeast,2025-03-29
CUST104520,23,30981.7,821,Self-employed,Northeast,2025-02-07
CUST104521,37,33985.49,582,Self-employed,Midwest,2024-07-23
CUST104522,32,49435.42,647,Part-time,West,2026-05-13
CUST104523,34,53508.89,666,Full-time,Southeast,2025-05-15
CUST104524,44,36171.83,651,Full-time,Southwest,2026-02-06
CUST104525,22,61514.11,625,Full-time,Southeast,2024-10-27
CUST104526,31,38733.56,746,Full-time,Southeast,2025-03-13
CUST104527,35,31987.42,694,Full-time,Midwest,2024-10-31
CUST104528,26,43883.21,723,Student,Northeast,2024-06-17
CUST104529,48,21769.74,704,Full-time,Southeast,2024-09-25
CUST104530,43,44565.85,727,Full-time,Southeast,2024-07-31
CUST104531,36,20050.67,778,Student,West,2024-09-07
CUST104532,51,25273.78,759,Part-time,Southeast,2025-02-15
CUST104533,19,16180.93,834,Full-time,West,2025-09-06
CUST104534,33,37093.51,751,Student,Northeast,2025-10-25
CUST104535,37,82812.57,609,Full-time,Midwest,2025-10-01
CUST104536,24,38075.09,723,Full-time,Southeast,2025-03-03
CUST104537,37,53616.57,713,Full-time,Midwest,2024-09-13
CUST104538,22,115675.17,804,Full-time,Southwest,2025-09-28
CUST104539,40,48137.9,587,Self-employed,West,2025-03-27
CUST104540,44,28442.92,701,Full-time,Southwest,2025-08-18
CUST104541,36,30260.37,608,Self-employed,Midwest,2025-03-03
CUST104542,18,40146.73,698,Full-time,Midwest,2024-08-31
CUST104543,24,30187.93,643,Student,West,2025-08-20
CUST104544,39,31221.46,695,Full-time,West,2025-09-02
CUST104545,34,62527.66,554,Student,Southwest,2026-02-19
CUST104546,18,63689.2,719,Full-time,Northeast,2025-06-06
CUST104547,46,19127.81,675,Unemployed,Southeast,2025-07-12
CUST104548,35,27773.11,671,Self-employed,Southeast,2026-03-27
CUST104549,25,32571.67,806,Part-time,Southeast,2024-04-22
CUST104550,43,52553.66,631,Full-time,West,2024-07-27
CUST104551,27,67129.85,685,Part-time,Northeast,2025-12-03
CUST104552,27,135386.05,667,Part-time,West,2024-05-14
CUST104553,37,32547.21,674,Part-time,West,2025-12-20
CUST104554,51,33287.0,826,Part-time,Midwest,2025-08-14
CUST104555,50,52305.48,664,Student,Southeast,2026-04-22
CUST104556,37,29525.29,617,Student,Southeast,2025-02-27
CUST104557,38,37668.04,800,Full-time,Southwest,2025-06-21
CUST104558,41,33297.34,636,Full-time,Southwest,2025-12-24
CUST104559,21,15000.0,539,Full-time,Midwest,2025-12-05
CUST104560,40,42423.38,604,Self-employed,Midwest,2024-05-22
CUST104561,26,36972.79,566,Student,West,2024-12-24
CUST104562,37,71115.03,525,Full-time,Southwest,2026-04-02
CUST104563,31,40234.12,632,Full-time,Southwest,2026-04-18
CUST104564,39,22819.34,654,Full-time,Southeast,2026-06-14
CUST104565,35,35733.91,748,Full-time,Northeast,2026-01-10
CUST104566,18,15662.31,707,Student,Midwest,2024-11-09
CUST104567,35,23273.88,703,Part-time,Southeast,2026-06-21
CUST104568,40,53421.99,593,Full-time,Southeast,2026-01-09
CUST104569,38,35907.33,726,Full-time,Midwest,2026-07-08
CUST104570,32,60786.85,764,Full-time,West,2025-01-25
CUST104571,50,16562.53,689,Part-time,West,2024-09-04
CUST104572,37,35986.26,691,Part-time,Southwest,2025-05-10
CUST104573,38,32403.42,565,Full-time,Southwest,2024-06-16
CUST104574,44,61705.72,739,Full-time,Midwest,2024-12-23
CUST104575,37,54325.19,793,Unemployed,Midwest,2024-10-18
CUST104576,25,53584.41,684,Self-employed,Midwest,2025-11-14
CUST104577,18,80308.8,615,Part-time,West,2024-07-22
CUST104578,29,34008.33,647,Full-time,West,2025-02-10
CUST104579,41,73187.97,628,Student,Midwest,2026-05-30
CUST104580,30,25087.05,632,Self-employed,Southwest,2026-06-03
CUST104581,42,24676.46,708,Student,Northeast,2024-06-23
CUST104582,35,56316.11,680,Full-time,Midwest,2025-12-17
CUST104583,46,20391.36,735,Full-time,West,2025-07-04
CUST104584,31,51934.81,687,Full-time,Southwest,2024-10-21
CUST104585,38,42006.97,595,Unemployed,Midwest,2024-10-14
CUST104586,39,65012.43,622,Part-time,Southeast,2026-07-21
CUST104587,49,39075.47,617,Full-time,West,2025-02-24
CUST104588,18,41159.99,646,Student,West,2024-06-10
CUST104589,29,50471.76,794,Student,Southeast,2025-10-13
CUST104590,42,29786.42,806,Full-time,West,2025-04-28
CUST104591,49,29208.27,722,Part-time,Midwest,2025-12-26
CUST104592,36,49686.73,668,Part-time,Southeast,2024-11-24
CUST104593,31,39609.35,557,Full-time,Southeast,2026-05-03
CUST104594,41,33413.28,676,Part-time,Midwest,2025-05-19
CUST104595,42,38667.21,600,Full-time,Midwest,2025-08-19
CUST104596,30,82252.72,782,Unemployed,Southwest,2025-02-02
CUST104597,37,32880.72,539,Self-employed,Northeast,2025-06-10
CUST104598,45,32454.4,688,Unemployed,Midwest,2024-04-11
CUST104599,52,18613.64,594,Self-employed,Southwest,2024-04-10
CUST104600,41,39377.16,659,Full-time,West,2025-12-09
CUST104601,34,53938.38,709,Full-time,Southeast,2026-07-12
CUST104602,33,58471.17,736,Self-employed,Southwest,2025-06-11
CUST104603,39,42137.69,655,Full-time,Southeast,2025-03-18
CUST104604,32,61705.3,717,Self-employed,Southwest,2024-10-29
CUST104605,35,55773.48,610,Full-time,Southeast,2025-05-14
CUST104606,23,66225.95,678,Full-time,Southwest,2025-03-21
CUST104607,46,62500.9,735,Full-time,Midwest,2026-07-25
CUST104608,22,81347.89,684,Part-time,Southeast,2024-10-19
CUST104609,29,37184.16,620,Full-time,Midwest,2025-10-31
CUST104610,34,22088.75,639,Part-time,Southwest,2025-09-13
CUST104611,53,54104.54,736,Full-time,Southwest,2025-08-11
CUST104612,29,57025.22,578,Self-employed,Southwest,2026-06-12
CUST104613,27,81348.52,589,Part-time,Southwest,2025-06-09
CUST104614,28,71437.67,705,Part-time,West,2025-09-16
CUST104615,50,96323.02,627,Full-time,Midwest,2026-01-22
CUST104616,18,53047.04,551,Full-time,Midwest,2026-01-12
CUST104617,23,44487.56,761,Full-time,Midwest,2026-07-15
CUST104618,61,21520.42,577,Part-time,Midwest,2024-07-02
CUST104619,39,46103.47,645,Full-time,Northeast,2025-12-01
CUST104620,22,31300.0,613,Unemployed,West,2024-07-14
CUST104621,33,44142.55,637,Self-employed,Midwest,2024-08-16
CUST104622,34,41131.56,593,Full-time,Midwest,2025-07-12
CUST104623,42,49626.49,713,Self-employed,West,2024-09-10
CUST104624,52,38414.92,668,Part-time,Midwest,2026-02-11
CUST104625,37,61130.06,733,Full-time,Midwest,2026-03-09
CUST104626,28,15000.0,614,Self-employed,Midwest,2024-06-22
CUST104627,41,43717.21,819,Student,West,2025-01-28
CUST104628,27,68948.86,517,Full-time,Southeast,2024-12-22
CUST104629,23,93108.6,541,Full-time,Northeast,2024-06-01
CUST104630,18,55791.82,791,Part-time,Northeast,2026-08-01
CUST104631,18,85664.81,695,Full-time,Southwest,2026-03-17
CUST104632,25,43304.91,685,Part-time,Northeast,2024-04-29
CUST104633,22,40186.57,692,Part-time,Southwest,2026-04-24
CUST104634,37,50931.51,702,Self-employed,West,2025-07-19
CUST104635,22,40077.19,682,Full-time,Southwest,2026-07-25
CUST104636,18,28224.32,587,Full-time,Northeast,2025-11-03
CUST104637,23,31829.28,721,Unemployed,Southwest,2026-03-17
CUST104638,29,24331.6,709,Full-time,Midwest,2026-01-03
CUST104639,27,50907.71,767,Full-time,Northeast,2024-09-04
CUST104640,49,40341.11,792,Full-time,Northeast,2025-12-17
CUST104641,27,34127.93,684,Full-time,Southwest,2024-09-04
CUST104642,42,31100.91,567,Full-time,Midwest,2024-06-26
CUST104643,33,50376.26,792,Full-time,Midwest,2025-04-30
CUST104644,33,57022.53,583,Self-employed,Southwest,2025-05-02
CUST104645,25,24131.39,685,Part-time,Midwest,2025-10-27
CUST104646,33,22483.61,640,Unemployed,West,2025-01-10
CUST104647,26,61668.56,627,Unemployed,Northeast,2024-09-11
CUST104648,35,21616.02,717,Full-time,Southeast,2024-07-24
CUST104649,31,51347.37,678,Full-time,Northeast,2026-02-25
CUST104650,24,83084.14,698,Unemployed,Midwest,2024-12-25
CUST104651,43,83171.14,598,Full-time,West,2026-04-14
CUST104652,38,55940.43,646,Full-time,Midwest,2025-06-13
CUST104653,29,55213.58,602,Full-time,Southeast,2026-05-28
CUST104654,35,110564.94,645,Part-time,Northeast,2025-04-22
CUST104655,33,15000.0,651,Full-time,Southeast,2024-08-03
CUST104656,25,32566.81,798,Full-time,Southeast,2024-09-02
CUST104657,34,58795.54,640,Full-time,Northeast,2024-11-30
CUST104658,27,34482.97,500,Self-employed,Northeast,2025-03-29
CUST104659,24,70115.58,764,Full-time,Southwest,2025-02-16
CUST104660,18,39430.33,693,Self-employed,Southwest,2026-05-19
CUST104661,30,42586.17,650,Full-time,Southwest,2024-11-19
CUST104662,39,35468.36,627,Full-time,Northeast,2024-12-29
CUST104663,27,31725.31,588,Full-time,West,2026-04-11
CUST104664,59,31376.06,805,Full-time,Midwest,2025-02-09
CUST104665,42,45343.62,663,Full-time,Midwest,2025-09-13
CUST104666,47,28323.46,529,Unemployed,West,2025-05-27
CUST104667,41,61632.35,684,Full-time,Southeast,2024-09-04
CUST104668,52,53849.68,750,Student,Midwest,2025-11-06
CUST104669,26,65823.84,671,Full-time,Northeast,2024-06-07
CUST104670,18,24148.66,592,Full-time,Midwest,2025-08-16
CUST104671,29,18680.5,585,Part-time,Southeast,2025-05-24
CUST104672,39,40059.31,591,Self-employed,Northeast,2026-07-19
CUST104673,35,147924.94,774,Full-time,Southwest,2026-04-29
CUST104674,36,70954.49,654,Full-time,Northeast,2025-12-11
CUST104675,47,31272.65,534,Part-time,West,2024-04-14
CUST104676,37,48583.07,688,Full-time,Southeast,2025-12-30
CUST104677,41,55682.11,670,Part-time,Northeast,2025-09-04
CUST104678,24,21681.73,626,Self-employed,Midwest,2024-08-01
CUST104679,23,74334.59,583,Full-time,Southeast,2025-11-09
CUST104680,50,37222.14,580,Self-employed,Southwest,2024-09-05
CUST104681,35,38530.05,741,Full-time,Southwest,2026-05-01
CUST104682,27,40566.71,678,Unemployed,Midwest,2026-04-20
CUST104683,27,67174.1,695,Student,Midwest,2026-08-03
CUST104684,27,28571.59,678,Part-time,Southwest,2026-04-27
CUST104685,26,18617.62,684,Student,Southwest,2025-03-06
CUST104686,21,46412.77,624,Self-employed,Northeast,2026-05-27
CUST104687,18,16000.16,644,Full-time,Midwest,2025-02-27
CUST104688,32,35049.04,747,Full-time,Southwest,2025-03-10
CUST104689,28,68466.06,766,Full-time,Southeast,2026-01-22
CUST104690,45,52082.92,568,Full-time,West,2026-07-12
CUST104691,36,64155.19,644,Part-time,Midwest,2026-03-26
CUST104692,36,53058.91,722,Full-time,Southeast,2026-04-11
CUST104693,26,118735.13,801,Part-time,Southeast,2025-05-11
CUST104694,32,30800.68,793,Full-time,Southwest,2024-05-26
CUST104695,37,48009.74,600,Full-time,Southwest,2025-07-31
CUST104696,41,32953.27,755,Full-time,Southeast,2025-02-08
CUST104697,33,61732.18,664,Student,Northeast,2025-11-22
CUST104698,44,39038.02,738,Full-time,Northeast,2026-05-26
CUST104699,34,86984.06,719,Full-time,Midwest,2026-02-05
CUST104700,41,31606.97,565,Full-time,West,2025-06-23
CUST104701,29,75599.65,701,Student,West,2024-07-27
CUST104702,18,52413.15,735,Full-time,Midwest,2026-01-09
CUST104703,36,39552.83,658,Part-time,Midwest,2024-04-10
CUST104704,41,51230.95,641,Full-time,Midwest,2025-02-04
CUST104705,39,45142.03,542,Full-time,Southeast,2025-10-08
CUST104706,38,47107.13,711,Self-employed,Midwest,2025-02-18
CUST104707,30,36567.24,675,Part-time,West,2024-12-14
CUST104708,25,29269.03,590,Part-time,Southwest,2024-12-25
CUST104709,39,34517.37,635,Full-time,Southeast,2024-07-21
CUST104710,38,18818.29,671,Student,Northeast,2025-01-15
CUST104711,28,58622.67,618,Part-time,Southwest,2026-07-21
CUST104712,45,23021.32,660,Student,West,2025-09-19
CUST104713,25,36390.35,528,Full-time,Northeast,2024-06-14
CUST104714,28,53724.28,761,Full-time,Southeast,2026-02-14
CUST104715,50,58555.4,661,Full-time,West,2025-06-05
CUST104716,42,18059.13,577,Self-employed,Southeast,2025-06-04
CUST104717,30,38509.81,475,Self-employed,Northeast,2025-04-16
CUST104718,36,49359.48,737,Full-time,Southeast,2024-07-19
CUST104719,35,41085.36,701,Full-time,Southeast,2025-05-01
CUST104720,18,73484.79,675,Full-time,Midwest,2026-08-13
CUST104721,24,27727.69,724,Full-time,West,2026-01-14
CUST104722,33,15961.45,724,Self-employed,West,2025-02-11
CUST104723,30,57794.37,674,Full-time,Midwest,2024-10-02
CUST104724,36,31517.91,640,Full-time,Northeast,2025-01-28
CUST104725,45,18190.54,628,Full-time,Southeast,2024-11-14
CUST104726,30,37371.72,691,Full-time,Northeast,2026-01-16
CUST104727,23,69825.26,764,Student,Northeast,2026-05-22
CUST104728,37,22732.17,652,Full-time,Southeast,2024-05-10
CUST104729,30,114828.87,770,Student,Northeast,2025-04-11
CUST104730,32,27527.84,687,Part-time,Midwest,2024-11-09
CUST104731,31,41737.48,688,Part-time,Southeast,2024-05-03
CUST104732,56,23188.01,840,Full-time,Southwest,2026-03-08
CUST104733,18,40893.43,783,Part-time,Midwest,2024-07-17
CUST104734,30,37790.52,785,Part-time,West,2025-09-29
CUST104735,33,20531.75,600,Full-time,Midwest,2025-02-15
CUST104736,26,143146.25,824,Unemployed,Northeast,2025-09-11
CUST104737,42,32115.64,653,Full-time,West,2026-02-22
CUST104738,42,32128.28,642,Full-time,Southeast,2024-07-09
CUST104739,33,62072.98,498,Full-time,Southwest,2025-10-15
CUST104740,31,90800.01,684,Part-time,Southwest,2026-07-23
CUST104741,32,66629.09,578,Full-time,West,2026-04-05
CUST104742,32,23376.09,690,Full-time,Southwest,2024-04-29
CUST104743,33,44190.23,572,Full-time,Midwest,2024-08-28
CUST104744,32,17212.35,794,Full-time,Southeast,2025-01-12
CUST104745,36,60220.45,701,Full-time,Midwest,2024-10-05
CUST104746,41,19228.82,830,Unemployed,Southwest,2025-01-26
CUST104747,21,27960.82,583,Full-time,Midwest,2024-06-12
CUST104748,23,40077.06,776,Student,Northeast,2026-05-19
CUST104749,18,49033.2,524,Part-time,Southeast,2026-06-19
CUST104750,42,35688.34,675,Self-employed,West,2024-12-17
CUST104751,36,79505.99,612,Student,Southeast,2024-04-26
CUST104752,39,55573.28,626,Full-time,Midwest,2025-03-26
CUST104753,19,53644.07,621,Part-time,West,2024-04-25
CUST104754,51,23081.1,591,Full-time,Southeast,2025-08-30
CUST104755,27,86225.01,565,Full-time,Southwest,2025-01-04
CUST104756,35,27962.53,626,Full-time,Southwest,2025-05-28
CUST104757,42,87719.03,668,Part-time,Southeast,2024-07-07
CUST104758,24,99706.66,747,Self-employed,West,2025-01-27
CUST104759,28,50548.85,682,Full-time,Midwest,2025-07-28
CUST104760,35,63857.28,747,Self-employed,Southeast,2026-01-13
CUST104761,62,15000.0,549,Full-time,Southeast,2025-11-14
CUST104762,37,36763.06,627,Full-time,Southeast,2026-06-09
CUST104763,50,65905.33,713,Full-time,Midwest,2026-04-01
CUST104764,46,60841.64,685,Part-time,Southeast,2025-05-28
CUST104765,37,23181.84,595,Full-time,Southeast,2026-07-17
CUST104766,24,35165.65,730,Full-time,Southwest,2025-06-29
CUST104767,44,15000.0,620,Full-time,West,2026-07-08
CUST104768,19,48331.89,601,Part-time,Southwest,2026-03-26
CUST104769,50,17197.21,696,Self-employed,Midwest,2024-12-20
CUST104770,36,66750.36,660,Full-time,Southwest,2026-07-19
CUST104771,18,68338.34,620,Self-employed,Midwest,2025-10-25
CUST104772,30,32420.13,618,Part-time,Southeast,2026-03-01
CUST104773,40,50745.29,579,Full-time,Southwest,2026-06-27
CUST104774,31,36399.33,630,Full-time,Northeast,2026-02-13
CUST104775,41,44750.54,742,Student,West,2026-05-08
CUST104776,25,23950.23,678,Full-time,Midwest,2026-06-04
CUST104777,20,53110.06,731,Full-time,West,2025-01-12
CUST104778,33,19176.99,698,Unemployed,Northeast,2026-04-27
CUST104779,34,17615.45,614,Self-employed,Midwest,2024-05-19
CUST104780,30,37992.05,536,Self-employed,Midwest,2025-06-16
CUST104781,46,36495.36,590,Self-employed,Southeast,2025-08-24
CUST104782,25,45366.8,609,Full-time,Midwest,2024-07-13
CUST104783,37,29963.09,603,Self-employed,Southwest,2024-10-06
CUST104784,34,93766.34,733,Full-time,West,2025-08-13
CUST104785,18,43142.86,732,Unemployed,West,2024-04-18
CUST104786,20,44569.13,825,Full-time,Southeast,2025-05-09
CUST104787,34,43859.88,602,Full-time,West,2024-12-05
CUST104788,53,63026.43,779,Full-time,Midwest,2024-04-22
CUST104789,39,52010.86,779,Self-employed,Midwest,2024-11-22
CUST104790,18,48967.3,642,Full-time,Northeast,2025-03-17
CUST104791,18,55892.91,695,Self-employed,Southwest,2025-02-24
CUST104792,41,17657.63,753,Full-time,West,2025-01-21
CUST104793,33,17960.29,655,Full-time,Southeast,2024-04-15
CUST104794,45,38784.41,649,Part-time,West,2024-12-12
CUST104795,25,36718.9,612,Full-time,Northeast,2025-11-26
CUST104796,37,52099.7,482,Part-time,West,2026-07-25
CUST104797,42,40497.99,665,Student,Southeast,2024-10-01
CUST104798,29,52147.9,606,Part-time,Midwest,2025-06-15
CUST104799,29,22913.51,579,Full-time,Northeast,2025-08-17
CUST104800,34,39941.25,691,Full-time,West,2024-05-22
CUST104801,39,21950.04,551,Unemployed,Midwest,2026-03-31
CUST104802,33,47766.8,720,Part-time,West,2026-07-12
CUST104803,43,17236.28,696,Self-employed,Southeast,2024-11-08
CUST104804,29,46945.35,629,Full-time,Northeast,2024-05-31
CUST104805,20,20721.98,655,Self-employed,Southwest,2024-08-22
CUST104806,53,33772.85,570,Full-time,Northeast,2024-07-17
CUST104807,27,60037.07,716,Self-employed,Southwest,2024-07-23
CUST104808,28,44458.92,674,Unemployed,Northeast,2024-12-25
CUST104809,33,19138.42,679,Unemployed,Northeast,2024-06-02
CUST104810,34,29656.09,697,Full-time,Southwest,2025-10-21
CUST104811,30,20422.24,611,Self-employed,Southwest,2024-11-03
CUST104812,33,18720.2,546,Full-time,Northeast,2026-05-25
CUST104813,33,42317.18,731,Full-time,Northeast,2025-05-11
CUST104814,35,51644.26,711,Part-time,West,2025-12-04
CUST104815,18,48936.2,619,Full-time,Northeast,2024-05-19
CUST104816,52,52637.39,690,Full-time,Southeast,2025-07-30
CUST104817,32,39920.29,754,Part-time,West,2026-02-12
CUST104818,39,35488.87,745,Part-time,Midwest,2025-04-05
CUST104819,20,24763.32,617,Part-time,Northeast,2026-06-07
CUST104820,29,32924.23,548,Full-time,West,2026-04-25
CUST104821,27,22145.58,561,Self-employed,Southeast,2025-08-03
CUST104822,48,27437.76,636,Full-time,Southwest,2025-02-11
CUST104823,28,41773.49,769,Full-time,Southwest,2025-03-25
CUST104824,41,38062.59,605,Full-time,Southeast,2026-06-26
CUST104825,27,159392.92,615,Self-employed,Southeast,2024-12-30
CUST104826,29,21903.29,613,Full-time,Midwest,2026-06-24
CUST104827,31,37937.89,620,Full-time,Southeast,2024-09-03
CUST104828,46,21148.42,659,Unemployed,Northeast,2026-07-10
CUST104829,18,33708.2,563,Unemployed,Southwest,2026-07-21
CUST104830,20,34331.14,741,Part-time,Southwest,2025-05-20
CUST104831,18,58700.06,649,Self-employed,Southwest,2024-09-15
CUST104832,23,32782.5,845,Student,Southwest,2024-10-17
CUST104833,25,36824.04,571,Part-time,Midwest,2025-03-09
CUST104834,18,33069.18,779,Full-time,West,2026-03-11
CUST104835,26,21365.37,764,Part-time,West,2024-05-06
CUST104836,18,29928.12,629,Unemployed,West,2026-07-27
CUST104837,23,33797.04,630,Part-time,Northeast,2025-10-15
CUST104838,46,41490.58,590,Full-time,Northeast,2024-10-26
CUST104839,38,51612.87,591,Unemployed,Midwest,2025-02-23
CUST104840,35,36113.84,659,Self-employed,Southwest,2024-09-25
CUST104841,23,35829.28,661,Full-time,Southeast,2024-10-16
CUST104842,18,18502.0,539,Student,Northeast,2024-05-18
CUST104843,22,51168.56,832,Self-employed,Northeast,2025-05-21
CUST104844,33,29344.08,640,Self-employed,Midwest,2024-08-29
CUST104845,42,56173.78,664,Student,West,2026-03-31
CUST104846,43,72576.61,613,Full-time,Midwest,2026-03-15
CUST104847,40,36880.5,639,Self-employed,Southwest,2026-07-01
CUST104848,26,25324.05,633,Full-time,Northeast,2026-02-17
CUST104849,34,39834.38,659,Unemployed,Southeast,2026-05-09
CUST104850,30,46953.63,658,Unemployed,Southwest,2024-08-26
CUST104851,31,34822.4,720,Self-employed,Midwest,2025-06-09
CUST104852,54,31137.95,677,Self-employed,Northeast,2025-07-23
CUST104853,18,51719.47,712,Self-employed,Southeast,2025-02-03
CUST104854,31,50207.02,659,Full-time,Southwest,2025-10-05
CUST104855,46,34343.56,677,Full-time,Southwest,2025-04-04
CUST104856,19,19066.16,641,Full-time,West,2026-08-10
CUST104857,27,49284.76,735,Self-employed,Southeast,2024-12-01
CUST104858,28,28415.86,684,Part-time,West,2024-07-16
CUST104859,31,44198.82,648,Part-time,West,2026-07-11
CUST104860,18,42959.83,645,Full-time,Southeast,2026-06-04
CUST104861,39,17153.78,651,Part-time,Southeast,2026-04-17
CUST104862,40,41626.27,662,Full-time,West,2025-03-02
CUST104863,39,50591.54,655,Student,Southeast,2024-10-20
CUST104864,25,53461.58,618,Unemployed,Midwest,2024-08-28
CUST104865,34,42311.52,717,Full-time,West,2024-10-03
CUST104866,25,16485.99,722,Self-employed,Southeast,2025-03-29
CUST104867,30,71302.49,793,Full-time,West,2024-12-11
CUST104868,55,48289.05,614,Full-time,Northeast,2025-12-13
CUST104869,34,23353.6,709,Part-time,Southeast,2024-11-03
CUST104870,22,28155.74,516,Self-employed,Southeast,2026-03-07
CUST104871,35,44535.9,722,Full-time,Midwest,2024-04-27
CUST104872,20,54497.11,550,Full-time,Southeast,2026-07-08
CUST104873,22,32222.39,586,Full-time,West,2024-05-14
CUST104874,23,58191.03,684,Full-time,Southwest,2025-07-09
CUST104875,29,17912.52,613,Full-time,Southwest,2025-01-30
CUST104876,43,25106.79,603,Full-time,Southwest,2026-03-27
CUST104877,39,15851.77,623,Student,Southwest,2025-11-09
CUST104878,39,26800.28,714,Full-time,Southwest,2024-07-24
CUST104879,23,79113.18,590,Full-time,Southwest,2026-08-01
CUST104880,28,101317.15,655,Full-time,Southwest,2026-02-28
CUST104881,36,44603.42,631,Full-time,West,2025-02-10
CUST104882,27,30112.84,721,Self-employed,Northeast,2024-09-13
CUST104883,31,36325.02,723,Full-time,Midwest,2025-08-03
CUST104884,38,49662.38,522,Full-time,Northeast,2026-05-29
CUST104885,30,19863.89,738,Student,Northeast,2026-04-08
CUST104886,36,31019.63,614,Self-employed,West,2024-06-30
CUST104887,49,76550.19,677,Full-time,Midwest,2026-02-07
CUST104888,32,25070.08,589,Full-time,Southwest,2025-03-28
CUST104889,45,28650.86,687,Self-employed,Southwest,2024-05-21
CUST104890,39,40373.83,850,Part-time,Northeast,2025-09-21
CUST104891,19,45588.65,669,Student,Midwest,2026-06-17
CUST104892,22,30295.31,625,Full-time,Northeast,2024-09-05
CUST104893,25,41549.22,642,Self-employed,Southeast,2024-09-27
CUST104894,25,52763.39,549,Full-time,Northeast,2025-01-24
CUST104895,33,97018.15,768,Full-time,Southwest,2024-06-20
CUST104896,40,37918.33,683,Self-employed,Northeast,2024-10-08
CUST104897,46,39395.87,581,Self-employed,Midwest,2024-12-23
CUST104898,37,79805.97,583,Full-time,Southeast,2025-10-27
CUST104899,29,31347.05,661,Full-time,West,2026-06-21
CUST104900,18,22115.66,729,Self-employed,Southwest,2024-11-20
CUST104901,34,44918.82,573,Full-time,Southeast,2024-08-08
CUST104902,34,65139.0,743,Full-time,Southeast,2024-12-17
CUST104903,35,47215.2,653,Full-time,Southwest,2025-01-22
CUST104904,55,38420.37,590,Full-time,Southwest,2024-11-27
CUST104905,46,20915.02,624,Self-employed,Midwest,2025-12-15
CUST104906,41,39094.37,791,Full-time,Northeast,2026-05-04
CUST104907,24,69906.91,555,Full-time,Northeast,2025-02-12
CUST104908,28,23032.17,605,Part-time,Southwest,2024-05-15
CUST104909,33,35949.26,731,Full-time,Midwest,2026-04-17
CUST104910,26,33712.77,676,Part-time,West,2026-06-13
CUST104911,39,29320.23,600,Full-time,Northeast,2024-12-06
CUST104912,37,44871.82,732,Self-employed,Northeast,2025-08-11
CUST104913,23,48995.68,735,Self-employed,Southwest,2024-06-19
CUST104914,45,48765.19,684,Self-employed,West,2025-06-29
CUST104915,35,25859.56,614,Full-time,Southwest,2025-05-17
CUST104916,18,19135.63,625,Self-employed,Northeast,2026-06-21
CUST104917,33,45164.87,681,Part-time,Northeast,2024-05-07
CUST104918,36,31963.07,561,Full-time,West,2025-10-30
CUST104919,43,91788.34,759,Full-time,Midwest,2025-07-28
CUST104920,30,93716.48,787,Full-time,Midwest,2025-02-12
CUST104921,42,98303.06,642,Full-time,West,2024-07-28
CUST104922,35,26290.16,686,Full-time,Southeast,2024-09-21
CUST104923,20,51855.49,748,Student,Southeast,2024-10-09
CUST104924,19,59392.82,806,Student,Southwest,2026-05-14
CUST104925,45,56458.4,776,Full-time,West,2026-05-29
CUST104926,45,34218.47,529,Student,Southeast,2024-08-20
CUST104927,37,71369.38,636,Self-employed,Northeast,2024-06-10
CUST104928,48,40143.42,697,Full-time,Northeast,2025-02-17
CUST104929,44,42516.51,622,Student,Northeast,2024-06-12
CUST104930,40,20089.95,793,Self-employed,Southeast,2025-11-10
CUST104931,24,53645.04,782,Part-time,Midwest,2025-10-12
CUST104932,51,35696.74,598,Full-time,Midwest,2026-03-19
CUST104933,39,49471.42,647,Full-time,Southeast,2024-09-22
CUST104934,30,44613.92,603,Unemployed,Southwest,2025-01-08
CUST104935,27,43539.4,645,Full-time,West,2026-01-30
CUST104936,36,39317.65,643,Full-time,Southeast,2024-03-27
CUST104937,18,57180.6,731,Full-time,Southwest,2026-07-18
CUST104938,40,36698.76,593,Full-time,Midwest,2024-10-12
CUST104939,24,20851.08,463,Full-time,Southwest,2026-02-14
CUST104940,37,51845.84,539,Student,Northeast,2024-09-30
CUST104941,28,27887.88,582,Full-time,Southwest,2025-06-18
CUST104942,31,22116.57,610,Unemployed,Southwest,2026-01-22
CUST104943,26,25336.23,674,Part-time,Southwest,2026-06-24
CUST104944,32,45592.55,579,Full-time,West,2025-02-19
CUST104945,52,38428.96,569,Full-time,Southwest,2026-03-27
CUST104946,47,15371.84,590,Full-time,West,2025-07-18
CUST104947,37,33770.9,576,Unemployed,Southwest,2024-05-09
CUST104948,33,67924.63,618,Self-employed,Midwest,2024-07-02
CUST104949,42,32758.47,615,Full-time,West,2025-06-10
CUST104950,45,37254.78,711,Unemployed,Southwest,2024-11-15
CUST104951,25,64173.53,585,Self-employed,Midwest,2024-08-27
CUST104952,33,57409.79,633,Full-time,Midwest,2025-03-04
CUST104953,18,63563.07,619,Part-time,Southeast,2026-02-15
CUST104954,45,15000.0,720,Self-employed,Southwest,2024-09-07
CUST104955,54,87560.51,648,Self-employed,Midwest,2026-05-28
CUST104956,34,53443.49,738,Full-time,Northeast,2025-05-16
CUST104957,18,121499.37,573,Full-time,Midwest,2024-10-03
CUST104958,40,28224.71,656,Full-time,West,2025-04-04
CUST104959,24,18150.39,616,Full-time,Southeast,2025-10-14
CUST104960,27,40265.42,568,Full-time,Southwest,2025-08-16
CUST104961,40,35457.23,654,Part-time,Midwest,2025-07-09
CUST104962,36,53860.29,789,Full-time,Southeast,2024-11-04
CUST104963,29,65102.47,596,Full-time,Southeast,2024-04-02
CUST104964,27,38588.81,650,Part-time,West,2024-10-05
CUST104965,35,36014.66,561,Full-time,Northeast,2025-11-11
CUST104966,29,50778.28,550,Full-time,Southwest,2026-05-09
CUST104967,22,35762.39,600,Self-employed,West,2025-06-28
CUST104968,30,34441.17,626,Unemployed,Northeast,2024-07-28
CUST104969,37,64004.63,629,Full-time,Southwest,2025-02-07
CUST104970,32,70749.45,643,Unemployed,Southwest,2025-11-07
CUST104971,19,65367.78,536,Unemployed,Southeast,2026-05-28
CUST104972,43,37208.65,613,Part-time,Northeast,2026-01-06
CUST104973,18,15322.77,697,Student,West,2024-11-28
CUST104974,29,37545.44,558,Full-time,Northeast,2025-01-08
CUST104975,27,28535.64,633,Full-time,West,2025-07-16
CUST104976,35,37858.99,681,Self-employed,Southwest,2025-10-27
CUST104977,39,29673.48,601,Full-time,West,2026-03-14
CUST104978,45,39762.0,685,Full-time,Southeast,2024-04-19
CUST104979,26,25142.78,545,Full-time,Northeast,2025-08-04
CUST104980,39,22554.21,726,Full-time,Southwest,2024-10-15
CUST104981,35,69578.52,687,Full-time,Southeast,2025-07-09
CUST104982,18,25942.92,664,Full-time,Midwest,2025-04-05
CUST104983,53,40140.83,744,Student,Midwest,2025-02-02
CUST104984,19,61668.69,635,Full-time,Southeast,2025-10-08
CUST104985,38,60562.84,613,Self-employed,Southwest,2024-05-20
CUST104986,37,57393.23,762,Full-time,Midwest,2025-07-12
CUST104987,36,45995.09,798,Full-time,Southwest,2024-10-17
CUST104988,29,55592.38,607,Unemployed,Southwest,2024-06-07
CUST104989,42,74450.49,651,Full-time,Southwest,2025-09-15
CUST104990,18,48594.23,738,Full-time,Southeast,2026-01-22
CUST104991,33,17557.89,654,Self-employed,Southwest,2024-04-22
CUST104992,28,31639.45,704,Full-time,Southeast,2024-09-29
CUST104993,27,54905.38,718,Full-time,West,2024-09-24
CUST104994,38,30266.8,617,Student,West,2024-05-12
CUST104995,44,83203.76,691,Full-time,Midwest,2026-07-20
CUST104996,30,39009.84,659,Part-time,Northeast,2024-05-14
CUST104997,41,41704.4,568,Full-time,West,2026-05-04
CUST104998,34,66578.36,585,Full-time,Midwest,2026-04-09
CUST104999,25,36964.66,611,Full-time,West,2026-02-05
